account_id,expected_bill_usd,actual_bill_usd,underbilled_flag,assigned_rep_id,applied_discount_pct,discount_ceiling_pct,discount_violation_flag
28f77f87-0d00-44c1-9e17-e84213e9d522,2779.91,2779.91,False,REP-184,9.32,9.8,False
22238eae-ca03-4f1c-a44b-aaaa2a23dfd4,2116.49,2116.49,False,REP-296,34.02,24.44,True
695de833-ea2d-4733-8a71-d31832ecf880,793.6,645.02,True,REP-519,34.01,9.53,True
54985bea-a106-4951-a591-96546f340f29,2447.53,1723.32,True,REP-374,16.8,25.06,False
4edab2f7-119f-4e1f-a4cd-1fafe2111fda,1207.21,1207.21,False,REP-401,22.21,11.81,True
6c6ae2e1-aefe-4469-87a2-390228ed85a0,2386.29,2386.29,False,REP-532,9.85,12.88,False
b49d9a14-a374-40e3-aa6d-24afdae0a88d,2258.88,2258.88,False,REP-321,29.99,21.3,True
2ab3ca2f-4996-4dd8-9cbb-ad2037d20a36,3719.14,3719.14,False,REP-863,20.27,13.44,True
3cc8c7a1-4599-4f7f-8877-5cbe8fb7a3cd,665.37,665.37,False,REP-103,6.18,29.1,False
9357ca66-2877-4f9b-a94c-821e9c07b1c5,411.48,411.48,False,REP-273,27.69,17.38,True
62c620a4-b212-4f75-9746-d05f89f297b8,661.89,661.89,False,REP-779,30.92,24.54,True
a442a1aa-385f-421a-86ea-e1f8836936a4,1825.1,1825.1,False,REP-708,2.68,13.38,False
71b07cfe-994a-4ddd-9c21-d0d14072b039,2924.68,2924.68,False,REP-841,0.45,12.46,False
594b82ae-3ba0-4fcf-ae9e-ac4ce531aad1,1824.37,1824.37,False,REP-966,20.95,6.14,True
5db68dcd-2593-480c-941d-d20b17cafe94,1475.41,1475.41,False,REP-338,11.68,7.86,True
da608720-c5f6-4b82-bd4c-697793c6287e,1381.86,1381.86,False,REP-670,21.69,9.22,True
ceb0c391-2d15-4d7a-afde-279509edfb9e,2215.36,2215.36,False,REP-508,30.73,24.21,True
f20ace75-494a-45c5-a7d1-b50028c0ae2b,4242.33,4242.33,False,REP-421,6.91,18.31,False
61a96795-5b75-45f1-b77e-a75e56167ffc,528.37,528.37,False,REP-004,19.25,20.9,False
de352e1d-44a5-4d86-8e0e-3f0abdf3a500,254.84,254.84,False,REP-098,25.71,27.69,False
d5daadf0-4ac6-49cd-aadb-4953243d9cfc,1662.97,1662.97,False,REP-644,0.42,17.08,False
451ab3c7-8ca2-4f5e-8bd0-c48ec35ad0d1,1041.66,1041.66,False,REP-680,7.91,12.49,False
b966a444-8c91-412e-849d-4ea1aefd583e,815.6,815.6,False,REP-280,7.77,19.02,False
5a5108f0-4845-4178-a769-e2f331090bd5,1742.7,1742.7,False,REP-219,39.37,25.96,True
7f7aa3ed-004e-4878-9293-95c2c966a7f7,3301.41,3301.41,False,REP-603,9.09,29.81,False
37ee95e7-28ad-47b8-9d97-38bb700211ad,1753.43,1222.46,True,REP-386,32.52,16.38,True
c4e8075c-3042-44a5-b3b6-94252a7ea3d4,1995.95,1995.95,False,REP-111,31.95,29.57,True
f0f8b1d0-6f68-48f3-9e72-7e18a7bdd814,1139.62,1139.62,False,REP-052,35.78,24.87,True
99b26ecd-2b8f-4095-8a90-e19e158df0d4,1705.1,1705.1,False,REP-201,20.25,16.86,True
0469286d-b0ba-4c8e-8e1a-afdb2b35530a,1369.62,1369.62,False,REP-961,29.07,13.34,True
9700addd-05f6-4c3f-9c75-1bdae5a00f57,975.12,825.38,True,REP-834,23.29,7.26,True
75cd7205-c29a-466e-ab88-e984b334637b,4172.42,4172.42,False,REP-935,20.71,9.65,True
a1356948-87ba-4155-a7c2-66b0b7baf15a,257.2,257.2,False,REP-906,17.16,5.77,True
4cd07fbd-e7b1-44bb-8f7a-9ff7bb89116f,3689.64,3689.64,False,REP-914,10.82,5.11,True
2a7c5def-7426-44f9-889a-c8c0fb65be1f,2560.01,2560.01,False,REP-094,39.7,11.59,True
f830913a-a7b6-45fd-9777-9b1a4b783365,3253.51,3253.51,False,REP-609,29.67,5.31,True
f4795e96-2bc9-422f-aeb4-fde18750ab13,2386.99,2386.99,False,REP-453,21.0,17.99,True
ab31502b-ef8a-428f-970f-51a91cefe050,2877.78,2877.78,False,REP-871,27.7,15.35,True
0f01fc5b-7f5d-48d7-9c39-f31ecdbb831f,1704.52,1704.52,False,REP-433,38.22,13.16,True
ae9ea5a5-91d1-43d0-a150-d63c61fc1b05,1274.93,1274.93,False,REP-122,15.8,28.56,False
0ec4e932-758d-4934-bce2-22d682f8757f,609.9,609.9,False,REP-131,32.08,9.09,True
75f23398-1451-4512-9563-4c0c25edc6bb,1136.65,1136.65,False,REP-054,9.3,14.24,False
120737c1-90b9-4efe-9002-683a8494d0c3,4027.47,3355.86,True,REP-898,11.89,13.77,False
70acbf17-1782-45cd-bf34-1ac2a9d61c08,674.05,674.05,False,REP-494,0.24,24.36,False
9753e34c-0d2f-4131-abfa-cc7d788807b7,372.22,372.22,False,REP-299,24.95,11.33,True
ebd040e2-4e29-4701-8bab-30d7abe67717,1626.93,1626.93,False,REP-021,3.21,5.84,False
aa54fd58-29c4-4e69-91fd-67d2ecf814f7,2787.39,2787.39,False,REP-909,30.96,16.54,True
708489ab-d6f7-4ce5-af84-bd385321038b,3536.53,3536.53,False,REP-300,35.59,17.58,True
5162674d-fc4b-4f76-8066-a4937b6af820,1998.62,1998.62,False,REP-373,1.1,16.17,False
34cdd2d8-fcad-437c-aa1c-8506e9848551,2697.62,2697.62,False,REP-148,6.02,27.85,False
9ab38c45-d7de-4f47-8c6c-4e3d01ed23e9,1444.97,1444.97,False,REP-839,5.97,10.89,False
4c5a9271-444f-4ef5-b3af-a055c09897a4,672.29,672.29,False,REP-857,26.28,20.63,True
2b7bfc3e-da11-4846-b272-5e0000a07a5e,1313.13,916.7,True,REP-928,17.94,7.33,True
92bd2d06-cfd9-4ebd-b4c9-f3b93012b545,655.59,551.6,True,REP-185,24.93,5.3,True
f6c1719c-1215-4232-b630-d2b24ac3d423,2593.12,1762.25,True,REP-913,12.18,25.75,False
2ed396e4-69a9-448c-b800-3156d0dae5d5,1930.62,1930.62,False,REP-433,7.71,26.55,False
c077bd22-aa87-44d2-bfc6-39d7b1c18854,2416.28,2416.28,False,REP-548,31.57,25.74,True
0c3c593b-32ee-4e42-bd43-ade1c5b8ca7a,2623.12,2623.12,False,REP-613,34.41,22.46,True
a84022d5-ecf7-4d54-954a-be1008686125,5644.74,5644.74,False,REP-262,20.11,26.25,False
cf28623a-bdc5-47c6-9366-2730d84bb560,867.57,867.57,False,REP-149,17.62,5.75,True
43349331-627b-4113-9f3a-d032b33b717a,190.99,190.99,False,REP-894,16.03,17.63,False
9cdac2cb-5fda-4d9e-9810-dc5d9ba71602,1543.2,1543.2,False,REP-177,1.4,19.85,False
4c2638ab-4277-4f6c-9148-71c91677baa1,2276.24,2021.63,True,REP-572,6.83,9.31,False
329d4b04-63d5-4f21-9324-6df44ef74a88,1571.59,1571.59,False,REP-363,24.08,23.49,True
f040c6aa-dde3-444f-b5a4-d393f37dcaa4,2911.67,2911.67,False,REP-823,38.23,25.7,True
a20202b9-b0c4-4dfd-9a2f-ff727f5aedf9,3546.25,3546.25,False,REP-240,3.46,21.49,False
272e2268-cf5d-426d-ba49-0a858e147221,232.04,232.04,False,REP-458,32.57,20.15,True
10bcb2e1-88a9-4f23-9ba3-c47181cc14b0,1450.92,1450.92,False,REP-071,27.88,24.31,True
5512ae4b-cc9c-4d6a-aa8a-31c2ecc734bd,2519.99,2519.99,False,REP-852,7.78,25.32,False
179102a6-f100-4543-9896-03f1fae5fdb6,2797.66,2022.16,True,REP-740,32.63,22.83,True
8f32c0bd-6c69-49ff-90a5-3691c667af26,3262.81,3262.81,False,REP-637,13.26,8.18,True
7bead3ea-17f4-4edc-b024-5d7abad4a2ff,1927.97,1927.97,False,REP-748,19.2,23.02,False
4a158703-d20c-4c80-a87a-c8efb3907a00,598.08,598.08,False,REP-142,37.65,12.29,True
ef533373-2433-4447-b4bf-e842d6bc7e04,1494.94,1494.94,False,REP-521,38.89,14.46,True
e7f9c918-2631-46a2-a74a-1f35b35877d3,1886.69,1886.69,False,REP-450,8.14,15.06,False
70b7d01e-bdcb-4eef-8674-63246f1309f1,2002.36,2002.36,False,REP-340,27.32,5.29,True
e4b02cd5-1119-4e24-8e93-3f09f988cc25,1374.98,1225.24,True,REP-393,27.78,19.27,True
53f4f60c-f1bd-476c-b7fb-7e0bdc69fb28,818.45,818.45,False,REP-219,18.38,14.61,True
d1fdd407-8f72-4d00-b03e-8affa616108b,1481.11,1481.11,False,REP-127,34.85,20.07,True
dcacf4bb-4d61-4c1f-9438-d2f4f98d89c7,2099.89,2099.89,False,REP-462,34.18,20.34,True
b50bead0-127d-44df-84a6-ead244183a36,333.16,333.16,False,REP-303,27.43,7.24,True
48dbb55e-e0fd-402a-8ae0-27692b59cc82,3404.2,3404.2,False,REP-216,18.43,9.11,True
44ffd064-9add-45dc-8890-511b124a6616,2395.59,2395.59,False,REP-674,1.65,10.36,False
b3b89988-1b64-420c-94fd-a026108b8369,725.22,725.22,False,REP-191,11.96,6.72,True
b399e74a-9eac-4db7-9f05-71a603974d01,3704.57,3704.57,False,REP-549,17.84,11.98,True
d2301045-ee71-4d16-957b-097f2aa4bfcc,3620.63,3620.63,False,REP-578,6.86,16.85,False
ed75e4a9-9b39-487c-8ee0-cf4dedd744d7,3201.46,3201.46,False,REP-934,5.82,28.81,False
763d7cc7-860c-4b48-b79e-a0a67094a720,2047.56,2047.56,False,REP-763,34.9,17.41,True
eaae2eaa-1f34-463b-b5cf-363533cc54ef,3582.99,3582.99,False,REP-833,26.52,21.58,True
0f348db0-77a0-46e2-b7c3-7824682403be,1059.35,1059.35,False,REP-778,8.26,27.88,False
d5c22804-0a0e-4560-bf4f-a84297e96e36,3298.53,2940.71,True,REP-058,28.47,25.33,True
cd4f4dea-0eb0-4eef-9b6f-4e4cb8c96757,2185.42,2185.42,False,REP-030,4.76,24.65,False
384b9a20-ffac-4d39-93b2-194b3a7c0feb,659.36,659.36,False,REP-498,30.8,17.18,True
a48eaa06-81c9-4b3b-a3ae-9b71588020d8,3385.43,3385.43,False,REP-345,1.87,15.53,False
bc27c21c-f9e4-44ce-92e6-95d8aaeabd1e,3770.74,3770.74,False,REP-400,15.89,7.58,True
b54f3136-2559-4c55-8345-4b0642582e56,2696.0,2696.0,False,REP-214,26.4,26.41,False
9a5731c7-6a16-4266-be7e-732d64c695de,1323.55,977.75,True,REP-501,36.98,25.32,True
98cc7786-a0d2-4ff5-8efa-2d6bdecb31a3,3979.51,3979.51,False,REP-309,11.61,10.29,True
4d0b3eac-f8c0-4e2b-8fa3-b6b356e27494,3121.78,3121.78,False,REP-402,20.23,15.74,True
df1ab337-fdb8-40be-9e7d-ce3d82482b72,1936.96,1936.96,False,REP-005,1.41,14.67,False
73a7a5bb-5db2-4ccc-93e0-bf2a81e51b9b,1966.71,1966.71,False,REP-379,31.54,26.69,True
d5a63c68-494e-44b1-8299-7a2023930c28,2444.97,2444.97,False,REP-105,34.84,18.99,True
122c82b3-f3d5-44f6-9596-943a98166511,1319.44,1319.44,False,REP-740,15.08,24.99,False
a3e8d2c2-48b1-4447-a73e-abc47639936c,2309.3,2309.3,False,REP-976,13.61,5.81,True
fafd1f61-f494-40ba-aac9-599e95056670,3447.57,3447.57,False,REP-735,22.6,5.84,True
48b376bf-749a-42b2-9caa-8772446ed413,5676.36,5676.36,False,REP-890,2.58,10.4,False
aa80f144-c5d6-475d-91e7-a13907af9c29,837.41,837.41,False,REP-718,35.22,15.67,True
f55802c0-70f1-48d1-aae7-c01fb2fbebce,1372.84,1372.84,False,REP-244,31.33,6.95,True
e656af82-aefc-47ca-9726-1b0af8df7b20,2476.72,2476.72,False,REP-693,28.26,25.42,True
5939fed1-82d9-470d-9541-5df8bbaaba1d,1758.72,1758.72,False,REP-295,33.73,22.89,True
6e158144-18f5-48bb-a617-3b88147d31ac,1651.04,1651.04,False,REP-638,20.97,13.37,True
568b94ed-af47-44f7-8517-1c0adec76bc5,443.81,443.81,False,REP-007,21.73,21.22,True
9aa356a6-580a-42b4-b63d-d5e10a46d75b,2007.11,2007.11,False,REP-035,25.65,13.06,True
16beef75-4864-49c1-a424-e7200027a136,2256.59,2256.59,False,REP-760,4.0,17.77,False
414bb8b3-0144-45b0-a87f-756f59cb3b42,2315.74,2315.74,False,REP-353,0.67,22.5,False
e6e2e120-992b-483a-8b75-a81ffa7b466e,3606.93,3606.93,False,REP-353,22.59,14.69,True
5a003794-a4a9-4b83-b56b-189825a171cd,2690.1,2690.1,False,REP-747,24.34,19.03,True
4d2ad3b8-9e01-4a81-93ef-3017c4cea288,1384.88,1384.88,False,REP-405,20.77,8.38,True
0b8b22b2-2aa7-44c2-804c-d55d035b1de7,3131.68,3131.68,False,REP-549,5.64,6.78,False
d5bc5a13-dfdd-47f3-a960-096fd792e63f,1625.56,1625.56,False,REP-804,29.23,15.73,True
f393e4df-4b14-4bec-87c1-c1fa3c438e8b,474.02,474.02,False,REP-464,24.49,20.55,True
d509602a-f7cf-4386-b61e-15927161e968,2724.07,2724.07,False,REP-215,9.78,10.61,False
2a2e10c4-8909-4d93-8597-2044284a8b7b,1967.98,1967.98,False,REP-253,1.33,21.92,False
469b58c7-2497-49a8-a06b-4a4490c4bd42,1988.12,1988.12,False,REP-690,15.16,10.06,True
a394e668-127e-45af-b1ad-aa87176944b5,2038.89,2038.89,False,REP-706,0.27,20.82,False
dd1f1703-03e5-4ee0-b1f3-ce3499b1e8fb,3949.33,3949.33,False,REP-001,10.8,17.47,False
143da9a8-cf16-42c0-b0c3-be357371b137,1720.44,1331.19,True,REP-672,5.83,8.81,False
ace3e23d-21f8-410f-ba7b-b866cc34bd52,899.47,899.47,False,REP-407,7.66,29.36,False
7de874e1-604c-4ff2-893c-e35d8c65aa8d,3094.84,3094.84,False,REP-748,2.57,23.25,False
3e465ffa-b17a-4f8e-9ec4-8b61c169382c,2870.34,2560.6,True,REP-777,30.61,22.99,True
3390bc12-f1d8-4c9d-9540-e778453521fe,5020.56,3658.05,True,REP-848,16.87,7.46,True
cccbce03-11ec-4dc3-9246-da270b23bf8b,2262.97,2262.97,False,REP-648,20.07,6.99,True
3bbd1d41-49ff-4945-8842-011f1f46a743,401.74,401.74,False,REP-836,6.85,24.67,False
5cd2bd0d-9d19-4215-8760-ce006d1ddf3c,2206.75,2206.75,False,REP-697,29.83,24.69,True
490d4448-f4fe-4aa5-878d-743f9c132381,1492.85,1492.85,False,REP-805,16.33,17.61,False
ef5cd8d0-3326-4feb-a08a-dadd7cb9ba55,2706.7,2706.7,False,REP-422,10.98,21.45,False
0231e543-a8af-4a2e-b69c-21ace19a2dc5,676.18,492.13,True,REP-646,36.79,29.34,True
5488426e-6833-4b68-9a40-e3132b65b619,936.47,936.47,False,REP-923,11.67,8.52,True
49a02f79-afe8-4d7f-aec4-bdf462defe64,1018.68,785.35,True,REP-757,1.6,23.74,False
6bf05c97-0218-4f83-80ab-a6000fea732f,740.45,740.45,False,REP-729,23.43,17.01,True
4cefda5a-4c19-4a49-aab8-981cbc3a69ad,1810.84,1810.84,False,REP-093,27.08,11.48,True
a94cedea-ce00-4e7d-9c35-5e047c64f261,2512.86,2512.86,False,REP-520,15.96,8.4,True
e550e099-8a33-4d97-9e6a-aa47e8a64817,3455.55,3455.55,False,REP-407,38.2,14.92,True
9f952be4-9bd7-43ac-9d16-895f06985dfc,1215.38,1215.38,False,REP-952,36.71,15.2,True
8ba8e3ff-3087-4f48-b241-2a3a0fdba7f2,1323.99,1323.99,False,REP-181,12.46,7.74,True
3d8eced4-76cb-402b-b7da-1b08fdeccbd0,1269.27,1269.27,False,REP-100,24.78,6.62,True
c69bff94-2f84-49f7-a288-37cc08469cf7,1453.93,1453.93,False,REP-792,24.65,18.9,True
690c3a55-1acb-477e-9035-e4f3b713a820,2811.73,2811.73,False,REP-659,28.88,15.92,True
aa9a8577-d29e-49db-a4c5-b140503c4a08,1087.73,1087.73,False,REP-211,30.01,21.06,True
1b333a1f-2a51-48f7-8f70-4702b79bf3c3,2831.53,2831.53,False,REP-064,39.75,9.42,True
b473e659-1788-49ce-a26e-42b769feb62a,290.38,290.38,False,REP-202,24.59,16.93,True
7ca9e33a-dac6-4dc8-9c42-289d916a6c4c,1499.12,1499.12,False,REP-111,9.52,21.02,False
c4db7024-4a99-49d4-a56d-c78789d570fd,497.8,497.8,False,REP-089,36.36,10.63,True
bf449003-45a7-44b5-80c6-caaf4bd9fa1a,2927.52,2927.52,False,REP-385,22.86,5.64,True
50b69157-bde3-47fb-a749-0acab65e76e1,3590.69,3077.34,True,REP-466,8.82,16.12,False
5e62c281-aec5-48f0-bbaa-e34928d4a427,3050.53,3050.53,False,REP-593,35.47,29.79,True
541098f3-7378-4396-9a09-27b82f12c4a2,2137.35,1758.49,True,REP-732,27.37,20.03,True
4bacca6a-697a-4850-949b-45273ecd1f9e,2152.49,2152.49,False,REP-137,12.02,7.03,True
ccd2a365-b724-46bf-b04e-b69931be383e,1868.57,1393.33,True,REP-394,2.54,13.71,False
7c64f9db-3b4c-4d47-b592-8ee11e7466b7,1596.1,1596.1,False,REP-612,14.56,17.16,False
57450ac2-283d-48ed-ba16-0e098d2311b2,3522.97,3522.97,False,REP-621,12.31,27.96,False
5b0e39c7-e8fd-4d9f-8e9f-6c3a6053bcc3,490.14,490.14,False,REP-029,10.13,28.84,False
8c7bdab5-9630-48a6-b3bb-18089ae8c62d,840.66,620.2,True,REP-682,26.54,27.27,False
9a9d79a0-ed06-4bd9-bb97-7ad4a8898403,2273.59,2273.59,False,REP-704,34.63,27.54,True
9eab77da-3150-455d-bc70-2ce36507459c,3702.88,3702.88,False,REP-080,33.7,19.3,True
0a0303d0-7798-46a9-8b54-9f70432f6a5d,4620.99,4620.99,False,REP-288,30.35,18.09,True
3d106acf-948f-4ff6-976f-03d088c608e6,1937.25,1937.25,False,REP-972,18.84,11.01,True
cd3056b1-f6e5-40bd-af40-2ab8784112f4,615.72,615.72,False,REP-664,25.25,17.19,True
d6bcc374-cf95-4b63-8aec-16651eb7902c,3511.34,3511.34,False,REP-447,38.37,24.11,True
30f760ae-4429-4179-96e6-a2132e6461fd,3239.34,3239.34,False,REP-895,28.95,13.32,True
3f27c24f-3e41-4bb7-9c5f-7852b207549b,2029.26,2029.26,False,REP-434,12.73,13.83,False
601dd4d5-ae84-49b6-b08c-2e414fe67625,1320.26,1320.26,False,REP-696,7.48,17.0,False
3cbedc03-336f-4cc5-8a29-7109cc611889,3375.96,2470.47,True,REP-680,35.52,15.87,True
26bce14e-47d0-43e5-912b-05899b0de07f,188.47,188.47,False,REP-874,35.07,17.64,True
864da239-89d9-4f6a-8a00-abc0964a0058,1801.1,1801.1,False,REP-114,10.37,6.71,True
9158e79d-c77c-4ef8-9f3e-65d08c144931,1351.98,1351.98,False,REP-067,27.31,24.96,True
59611d1c-e4af-4aee-b3db-8e97338b65db,1278.56,1278.56,False,REP-676,30.16,5.92,True
dce3e7ea-7757-408d-ac44-f4a5827310f1,3194.64,3194.64,False,REP-695,16.6,10.51,True
66759c29-a5f1-449b-b688-423036c2b35b,1059.12,1059.12,False,REP-149,21.34,16.98,True
b175a117-afa7-4291-8abd-03bc1104d46a,2042.55,1486.63,True,REP-440,17.82,21.67,False
e3f4e9bc-30ac-478b-ad8b-fed8b7502762,3297.7,3297.7,False,REP-109,35.22,27.35,True
30eff4a5-3287-46ac-8186-46fb29eeb5dd,517.63,517.63,False,REP-468,7.31,14.47,False
df977dc9-ad62-4ee1-9346-6a6c480ec699,1599.48,1599.48,False,REP-780,29.95,8.14,True
22e393aa-5ee1-45c2-8aef-305b636e074b,3533.4,3533.4,False,REP-775,0.07,26.96,False
f1baf268-d880-4b7e-aeb1-dc6be8298035,2182.8,1775.69,True,REP-744,17.7,9.78,True
31e85e6c-158a-4dae-a037-3615c139f2a7,3126.51,3126.51,False,REP-326,3.49,27.44,False
499ac3dd-7be6-4ea5-9534-18b5cb4d1113,1295.1,1295.1,False,REP-956,25.13,14.92,True
b8b33489-5ffa-4c0b-ae93-a4359da92dfb,2419.18,2419.18,False,REP-113,39.27,23.26,True
2aa822c8-da39-469b-a4e5-d20af48429dc,6984.49,6984.49,False,REP-374,14.9,10.2,True
12cfcf3a-18bb-4fdf-981c-5248b532fe12,1901.06,1901.06,False,REP-777,9.64,16.46,False
6460b45f-c961-46f7-8934-e7693b4035a5,2350.08,2350.08,False,REP-296,18.61,27.04,False
52c29620-be44-450f-af33-8077b9eba7e5,2397.16,2397.16,False,REP-834,34.68,20.05,True
d483199e-43af-45c9-b933-5d1c0047b540,4379.69,3234.2,True,REP-951,37.11,27.57,True
a6c2f021-6b15-4f44-83f7-9ee37aef77e9,1662.06,1662.06,False,REP-414,3.7,21.77,False
3ffbcd4f-c1a7-44b2-b669-ae4b287b77c0,1845.22,1845.22,False,REP-427,38.15,10.59,True
7e615be1-d0a0-4ba2-b0d6-91d2efa966e4,2503.75,2503.75,False,REP-659,29.42,25.69,True
a87cff77-bf1e-4e7e-b76a-9a780fe78dc2,5975.62,4640.65,True,REP-073,19.59,6.85,True
30fef5d0-3f56-4249-8e06-7349369812f2,3664.8,3664.8,False,REP-708,36.82,17.45,True
dfa915f7-81a5-4ba4-9b80-a824017d1a2b,2683.03,2683.03,False,REP-198,1.2,29.26,False
947f0c06-7a2f-4571-b360-9ebaf0f1f9be,1455.5,1455.5,False,REP-262,27.81,16.95,True
75ce5fa2-3a37-4571-b522-1c8adca521f7,4094.22,4094.22,False,REP-686,2.48,7.03,False
6b117e86-dbf1-4252-8fea-9f3faa004764,2584.01,2584.01,False,REP-115,16.82,13.31,True
ad26db75-3de2-4712-a2b2-84969ee376f3,1855.65,1855.65,False,REP-864,28.58,18.01,True
9ee2d538-ff5c-4f49-a13f-b595b8c526ea,3874.95,2670.89,True,REP-365,36.78,29.53,True
431e2d3c-2ce1-4fc2-8ad4-aca5a0129846,1677.53,1677.53,False,REP-869,5.01,16.63,False
61188abc-1395-4224-b6ec-0122be9c383e,630.99,630.99,False,REP-432,13.58,14.31,False
8866b2da-85b9-444a-9ebd-2d81223a5af7,2643.68,2643.68,False,REP-671,22.73,19.07,True
90da0d55-515f-4272-aeab-5d7d9c7854d5,3656.47,3656.47,False,REP-041,14.09,15.87,False
4b88f759-799b-4c2b-be3b-50e59c57d684,952.23,952.23,False,REP-704,14.73,11.25,True
af2f92e4-713a-46f4-9d7d-b0498d99a1b1,2616.32,2616.32,False,REP-482,31.21,17.11,True
ba51f31f-5bee-4336-ae7a-f7db579e618f,3267.72,3267.72,False,REP-165,8.71,29.55,False
063624ce-8c3b-40e1-928c-9c60e4c3a3d1,870.82,870.82,False,REP-563,5.24,9.57,False
eee335bc-8f4e-4270-9c0e-252805c4fcca,1988.49,1988.49,False,REP-463,25.47,29.68,False
be36180a-005f-4578-961a-222780169055,2253.73,2253.73,False,REP-372,12.81,8.97,True
6d172738-8e25-4c7d-b0f1-dbd97dae090e,1392.04,1392.04,False,REP-811,19.82,14.42,True
52626c23-1476-455b-95a6-3bac84727948,2403.95,2403.95,False,REP-532,16.9,25.71,False
1af78acc-1706-41bb-9118-04187e356aad,1112.5,1112.5,False,REP-946,8.48,7.28,True
f94c372d-38e5-4042-a0e9-2818782eaf9f,1743.72,1743.72,False,REP-624,25.76,28.2,False
231d376d-1747-4823-a27a-5cffc4ff62f0,1796.85,1410.77,True,REP-108,37.56,5.15,True
425f1d24-f73f-4726-b56d-59f85b154b55,4992.9,4992.9,False,REP-772,2.25,5.7,False
53464055-0745-4b5a-afb6-6aedeac7d7b4,6393.77,6393.77,False,REP-767,37.98,23.46,True
84e3386c-6a33-45ac-a8a5-5328cc21e0d0,1436.94,1436.94,False,REP-892,35.81,26.15,True
295764d7-f33d-4a24-8432-bd5f7eb5487c,2227.16,1798.04,True,REP-252,27.62,9.6,True
5b27eaee-5a64-473b-b98d-9125acf493e0,6452.18,6452.18,False,REP-657,14.8,17.82,False
52b2f49d-7478-4b8f-96cd-eeb98807e23b,1412.76,1412.76,False,REP-665,29.88,13.34,True
cea465c1-5767-4870-a7ae-be2bfa698088,1941.27,1941.27,False,REP-956,15.86,8.05,True
f039662c-cd7f-4b38-9557-c09adcddd175,1721.03,1721.03,False,REP-633,36.3,9.8,True
540694ee-49ad-48fc-9696-10ed5afd9d9a,3094.16,3094.16,False,REP-210,2.9,26.25,False
3b3c3dbb-8dbb-4d61-a3ad-c3b6423b3783,1961.1,1961.1,False,REP-063,38.77,23.97,True
7b388039-efa5-40b5-bad3-516acc7237ed,262.29,262.29,False,REP-114,31.5,22.2,True
5a6577df-d9be-4cd3-903b-e12b947807d2,465.3,465.3,False,REP-477,23.52,7.93,True
1e611e97-d5a2-42d1-873c-a82950b90443,2138.48,2138.48,False,REP-426,7.75,9.4,False
17b2430a-6a8f-4027-adb7-9706fbb06602,3776.78,3776.78,False,REP-562,0.38,8.59,False
71c6668f-be22-48fa-b301-244f133fe30a,4342.93,4342.93,False,REP-999,4.86,16.32,False
6f82c2f5-d5b9-4604-af03-9b1873e1abe5,890.98,635.54,True,REP-446,39.32,9.03,True
a49a5f32-552b-4246-8c35-21591f686fd9,3184.86,3184.86,False,REP-793,27.23,11.94,True
35b2690b-ced4-4b69-949b-3ea56f0519b9,3071.62,3071.62,False,REP-874,15.05,6.43,True
934e933c-711b-495e-9fc0-4e16697e66a9,2513.32,2513.32,False,REP-622,24.3,14.01,True
f27db193-703d-49f6-8c9f-e3474598179f,1152.49,830.4,True,REP-872,17.47,12.58,True
d9dc4ef3-142f-4481-89af-079af67cb82d,2045.81,2045.81,False,REP-857,28.87,5.62,True
1f5aea59-9c97-4eaa-b8ba-da860f231136,6766.13,5775.37,True,REP-435,22.56,29.49,False
b5eb0f98-1d82-471b-a6bb-3d63b4744aba,1278.45,1278.45,False,REP-317,1.0,11.98,False
ef872f81-9254-494e-af06-d60c993923f1,2357.74,2063.24,True,REP-489,36.0,7.07,True
416bbbe8-c28e-4551-925e-2a21425d6591,2828.01,2828.01,False,REP-459,28.52,13.82,True
8b67bc4e-b1ff-42a0-8db6-cc993392356a,1546.45,1546.45,False,REP-422,17.12,23.63,False
a187b659-593f-4ce0-abde-b495623ad076,2173.64,2173.64,False,REP-740,22.71,19.6,True
6c07bd9f-62e6-4e89-81b0-3250f216f4c6,1312.98,1312.98,False,REP-881,33.6,7.94,True
0a570157-e0ea-46eb-a8bd-0f42040c5fca,3961.64,3961.64,False,REP-592,21.09,20.58,True
2123b337-4281-4ba9-afd4-0fd152a890e0,2750.59,2750.59,False,REP-593,3.99,22.4,False
b1dc5b7a-59b8-420a-8a93-40342679861d,1460.64,1460.64,False,REP-376,25.34,15.86,True
8b5c065d-0528-475f-986a-f992f2a69a93,1515.37,1515.37,False,REP-229,10.19,23.31,False
457fc4cd-6f3e-472e-b922-d7c8bb07e289,1000.34,1000.34,False,REP-482,1.55,15.35,False
3356a67b-3b75-4066-9ef8-1cf233bd9cf2,3752.59,3752.59,False,REP-662,29.96,14.97,True
5a951fc0-7db0-428f-b5dd-f5c198b4928b,3122.82,3122.82,False,REP-888,4.09,28.65,False
0679790e-21e4-4725-a931-9bc4699e2e1a,6966.27,5137.89,True,REP-506,7.07,14.5,False
82285cbe-fc35-4f0f-9b4c-721b6ef4a9e2,3916.18,3916.18,False,REP-711,0.28,18.46,False
423ec92e-96cf-4b3b-bff3-f1e1566a9e0c,1799.99,1799.99,False,REP-855,39.77,24.54,True
00f01f52-c515-47b4-a133-7059e099b9a2,2513.99,1788.64,True,REP-174,30.0,15.33,True
d51f5e5a-3553-41ca-91a0-d9ed9b72f388,2169.89,1856.64,True,REP-240,4.69,8.54,False
241f889e-edc3-4471-b087-edad4d4f7427,689.23,689.23,False,REP-025,26.13,7.02,True
568ffa98-6f10-4137-8630-f2167c64a0bb,1636.33,1268.81,True,REP-152,6.73,12.62,False
1775d70b-5973-4a88-bf0b-4d319b618dae,2698.83,2698.83,False,REP-888,14.01,14.18,False
488e8031-98bf-45b4-962f-90cdcee158ce,492.75,492.75,False,REP-298,11.88,26.88,False
772124ed-c679-429a-99e1-36dcb62c2327,2019.19,2019.19,False,REP-569,36.9,13.58,True
0ae9d037-6fb1-4abe-9857-e742dc34ef37,2808.76,2808.76,False,REP-295,18.51,12.84,True
4e0534d8-ab0b-4d88-a00f-818da6832807,759.7,759.7,False,REP-892,6.89,25.19,False
26d1d62b-9019-4cf7-81e7-0f2980a705bd,2173.74,2173.74,False,REP-824,5.24,28.36,False
bec69d77-6f7f-4c4a-901d-8de4b490675f,2030.29,2030.29,False,REP-579,34.52,26.48,True
bc4a6999-28fe-44e8-a324-92131ceaa02b,371.63,371.63,False,REP-111,13.02,15.5,False
c7b4eb2f-5929-4da3-b241-7c19077c03a0,575.35,575.35,False,REP-401,34.39,8.57,True
214613c1-fafc-4c11-b06a-e9460dabb42d,1545.57,1545.57,False,REP-036,33.91,5.65,True
7d6f4c69-836e-469b-aa71-f01dc8da9548,2831.41,2831.41,False,REP-944,17.75,13.7,True
28b3f20a-d99a-4ea1-88c1-cc3fca683fec,1001.01,1001.01,False,REP-347,8.27,23.95,False
7a84fee8-979f-4ec3-aa0b-421d64979367,4446.08,4446.08,False,REP-672,23.52,7.94,True
67c6e9ee-5cd8-4f8b-ae69-33cc0afc110b,5303.74,5303.74,False,REP-813,4.82,8.01,False
20e32a98-1ac5-4f96-90b4-8bb23fe37944,769.39,536.95,True,REP-982,13.25,10.57,True
7442772b-48ef-4f2d-b2a6-f2ee026a38c2,2217.63,1963.47,True,REP-335,35.02,13.28,True
4dd9e452-dfc3-4ea9-b8e0-43eb3c5efaa1,4031.81,4031.81,False,REP-427,18.26,14.16,True
1a6c4c9c-4ce1-43bf-b08e-d2dc128aa6cb,929.59,929.59,False,REP-716,31.94,28.58,True
35152538-8953-4a24-b1d9-d77d5eb97612,4896.61,3702.57,True,REP-927,39.85,17.72,True
190cae97-38ee-4de3-ba12-118927a09ae7,1528.09,1528.09,False,REP-770,37.62,24.92,True
298ceae9-80c1-4fa9-92aa-e689475d524c,552.9,552.9,False,REP-516,3.41,6.59,False
55d7622b-c9fc-48af-bbc2-665f1b50125b,2530.28,2530.28,False,REP-065,26.65,17.82,True
14f629fe-dddc-428a-b136-0b3bcc9d0f99,660.61,660.61,False,REP-066,11.63,15.02,False
eaef0a0f-0921-4aaa-b0af-f1891730712c,449.16,449.16,False,REP-920,18.58,20.29,False
d29d9212-d040-448a-96f9-c66c3e2bf62b,1864.78,1864.78,False,REP-782,39.01,17.52,True
5470c598-4ce9-4ed7-be90-54c24bbe2c20,2743.14,2743.14,False,REP-362,31.55,10.48,True
35ef53c1-4e0a-4321-a083-8bbdd30e3101,601.33,601.33,False,REP-426,11.02,5.78,True
09b5d31e-46ae-4c11-ab1e-251b572079db,1719.32,1516.3,True,REP-638,27.23,19.85,True
53950ae1-e60e-470d-ba0a-ac8c84832af7,1733.8,1733.8,False,REP-704,27.68,15.02,True
8d3bc7e6-c997-477d-8e4b-195bd545529f,4014.45,3254.61,True,REP-722,35.99,27.51,True
778f1f4a-96af-4b53-8825-760c28867fc6,2081.07,2081.07,False,REP-115,5.57,7.6,False
2a6d9d82-f6f5-4860-aee2-65a71b9ead24,2206.59,2206.59,False,REP-255,32.78,26.94,True
0b345a65-235f-4626-a593-6fb509714076,1438.01,1438.01,False,REP-444,5.87,20.91,False
f0c52366-93a6-44b1-a338-15e6f6c5a1f6,1486.83,1486.83,False,REP-985,35.28,11.71,True
8fce4ea7-4471-40f2-a3c0-b46115c44b85,1091.87,1091.87,False,REP-907,31.55,18.36,True
9db53117-cd21-4b84-ae7e-7a1abe813059,1905.7,1905.7,False,REP-611,29.22,28.99,True
b1e2bc3d-24d9-4855-9d56-4a9259d458e3,3116.34,3116.34,False,REP-505,0.88,7.33,False
f030084f-643f-4478-8a91-1b9bef7b9804,1887.2,1887.2,False,REP-128,20.66,22.79,False
1d903b91-d2ec-4638-84df-e9cfc1826bf4,825.52,825.52,False,REP-666,1.3,27.02,False
f918e62b-8240-4418-bf7a-17d54fa631bb,3524.8,3524.8,False,REP-878,3.62,19.46,False
bbf64ba5-9a89-4428-a205-9892310f1c27,1447.71,1447.71,False,REP-907,30.89,20.14,True
ee28ca09-1fe4-464b-b444-cd45ce6ade6e,314.21,314.21,False,REP-098,12.68,11.33,True
98cc05c3-e4cb-4f7f-a488-43d1ffeafc0b,2517.09,2517.09,False,REP-188,36.99,15.25,True
156890a7-5e2c-42a7-8e55-556e78091963,491.67,491.67,False,REP-826,18.71,20.59,False
af6ef059-3b7d-4865-b17b-0fee56718ce6,585.32,585.32,False,REP-704,12.59,16.92,False
76d706ce-158f-4358-899d-8c34b325c65c,3764.49,3764.49,False,REP-599,32.53,21.13,True
9509efed-3a1e-4069-b779-c99d9a5302a3,1783.53,1783.53,False,REP-389,17.9,24.47,False
8558642c-c18a-4848-8a05-3a99be34b1ae,2873.36,2873.36,False,REP-570,16.02,10.42,True
e5125318-ed7c-418b-a48f-53a4bd438483,1066.83,1066.83,False,REP-909,15.87,23.29,False
f263ddef-273a-42cc-8789-4429fe318a67,3847.59,3847.59,False,REP-538,6.28,21.33,False
8cb9956d-90a9-4f82-bf37-a7d4e94d882b,3289.96,3289.96,False,REP-237,6.04,21.85,False
492bd21f-a62f-4e2d-bfe8-8de5d3e2b7f5,2967.55,2967.55,False,REP-545,33.73,27.96,True
6e1d031a-8e88-4394-b3e6-598070e85883,5787.61,5787.61,False,REP-383,20.0,9.59,True
8b60e9a5-d5fb-4772-90f5-51c1d4ebd138,2939.84,2939.84,False,REP-108,24.27,22.55,True
ed2b3830-56bb-4543-8668-141bda9b1673,1166.13,1166.13,False,REP-149,35.5,11.12,True
ce4826d4-b250-41fc-b43c-c077712f3df0,4931.74,4931.74,False,REP-260,16.1,26.71,False
5eda5d50-0a6b-4558-8b60-2610da1441f6,2868.33,2868.33,False,REP-362,23.39,10.07,True
fafb154e-db89-46f2-8a2a-042b8fb5e49c,686.5,686.5,False,REP-505,32.1,24.4,True
2f6aaa47-1eb4-4624-ba69-546c6355e196,2636.95,2636.95,False,REP-781,23.96,23.57,True
1d1cbb38-2ee8-4ebe-918b-2cbefdb495ac,655.83,655.83,False,REP-569,22.53,18.04,True
7f30e4a9-b54b-4538-b80f-916a23f2d0c2,1512.45,1512.45,False,REP-243,26.77,7.39,True
3d8034ad-3713-46a4-b8ee-eadcf53d803e,1765.77,1765.77,False,REP-615,34.96,12.8,True
d4675a09-22c4-4075-bef1-1ea5d544d8e8,574.46,574.46,False,REP-009,25.27,9.42,True
eca2ae0e-5f33-4536-a437-2d6cc441dd6d,1336.55,1336.55,False,REP-737,1.83,11.89,False
5010d81a-fc91-4662-8fe9-a92a21850e6a,2476.19,2476.19,False,REP-409,0.09,22.41,False
0d4f1dab-53a6-4736-a789-51afc7e86820,3499.84,3499.84,False,REP-483,4.88,7.38,False
93de3a07-8db8-443a-85ad-35f7d1f978dc,3066.99,3066.99,False,REP-572,10.07,27.71,False
923bf813-9cbd-4b9e-b074-03f7f5a4c586,4577.65,4577.65,False,REP-111,15.67,5.98,True
34823941-d0e1-48bd-8a91-31a049b0fb18,1599.26,1599.26,False,REP-393,32.48,8.75,True
6f2fe66b-d70f-4b5c-b2d1-656caf7af92a,176.79,176.79,False,REP-057,10.25,22.03,False
59c874b0-37d1-4db3-bd83-06c9bfdf3d48,2493.17,2493.17,False,REP-197,2.13,29.38,False
ec17e150-350d-4bce-aa72-a23d6c2ef133,1197.34,1197.34,False,REP-479,29.65,5.21,True
136b9426-12c3-456f-9fa7-99e9aebfeaf0,2583.61,2583.61,False,REP-450,26.97,29.1,False
05ed04d2-5d40-4633-a7ec-3a11a827a3b3,5001.21,5001.21,False,REP-335,7.25,24.91,False
10e1ce8d-1302-4bc9-b882-c16b05ddbdb0,1076.12,1076.12,False,REP-120,33.16,26.82,True
ec1f2643-9911-4e0a-afca-3ed2d87c0f4b,3827.12,3827.12,False,REP-568,19.59,12.83,True
b71f4577-7a95-48e1-a09e-2f35855de7f9,3490.61,3490.61,False,REP-887,12.53,8.69,True
bbfccaa3-ed40-485c-8118-63644864d579,1845.35,1845.35,False,REP-909,1.31,27.41,False
9b5a6761-8d8e-42dd-9a3c-a0ceb0910de8,258.98,180.54,True,REP-466,8.65,18.71,False
5000db15-8ce9-4e4a-a98e-407fa8eeca48,1263.04,1263.04,False,REP-247,23.52,10.27,True
d745aa4f-0848-4df5-9d22-c74135c67350,1786.15,1786.15,False,REP-046,38.33,15.98,True
22c45431-edf3-4510-acca-2ad36c33aea3,2153.35,2153.35,False,REP-346,21.19,26.33,False
90709f5f-43b7-4063-88ba-8cb0ce6d543b,1900.38,1900.38,False,REP-533,4.08,9.05,False
b294ae85-c6e8-41bf-af2a-f381a45eead0,1990.05,1990.05,False,REP-548,33.55,10.8,True
c2374e7a-4d39-48a9-943a-ba9c7456d1e1,5684.49,5684.49,False,REP-098,5.24,8.58,False
9c5e0095-1290-4db5-a82a-b08451b8b8c8,3679.11,3679.11,False,REP-157,2.75,20.6,False
45952a0c-d2d4-4476-890c-1ff0859b51d2,547.12,547.12,False,REP-169,23.3,22.66,True
8fb2b54b-4a20-4a1f-90bf-ea1a048d53a9,1002.04,1002.04,False,REP-887,8.42,20.64,False
cb7041c0-3116-43db-b153-c05458d1f556,1323.69,1323.69,False,REP-793,16.81,13.91,True
dceb9dfb-da03-4f96-b118-ef141779e320,459.73,459.73,False,REP-682,5.67,18.64,False
a601ba06-6116-49b2-a042-f115457ff6cd,1313.0,1313.0,False,REP-131,13.75,25.79,False
852783c9-612d-41e7-a1f5-9eaad4d0b01d,1684.16,1684.16,False,REP-090,21.4,16.46,True
344f9b25-4af8-4c08-bc72-58d6a0681571,1490.38,1490.38,False,REP-693,9.29,5.13,True
0a62b215-d95b-4a22-b7ab-be02bbac7b6c,1049.99,1049.99,False,REP-098,37.92,11.86,True
838abdd5-4d16-435c-a814-595328da1e37,3769.03,3769.03,False,REP-907,20.54,21.5,False
5cc680ab-2003-4c99-94e9-47bf85864d65,1819.96,1819.96,False,REP-794,39.42,23.9,True
af472086-0a19-4782-a5c6-38b667802265,1055.83,1055.83,False,REP-275,25.81,6.87,True
74a3e83e-a0ac-44c8-a347-899bbc2fa9d9,2265.77,2265.77,False,REP-451,5.24,6.26,False
98a56d2a-8347-4af7-92d1-2fc62db525a3,3051.12,3051.12,False,REP-171,3.71,24.91,False
faad1683-2d81-48d3-9d65-f95b024a911b,341.88,341.88,False,REP-523,4.4,16.28,False
9d85e64c-a5c9-491c-b75e-fb813382fd95,2350.84,2350.84,False,REP-033,20.49,28.16,False
8f577092-8e43-4a02-8433-248d27161697,1686.3,1686.3,False,REP-013,18.94,7.41,True
e9083530-9131-4e8f-855f-24d1195bb1c6,1548.68,1082.78,True,REP-108,6.58,29.0,False
89f25507-c064-466b-ae16-50bc77d2d8cd,2645.08,2645.08,False,REP-796,35.3,12.57,True
3c07aac5-a46e-4280-8f75-822985650578,1597.77,1046.13,True,REP-291,2.44,10.48,False
d51cb5f8-3e12-45fc-b7a4-626b6d84338a,1865.7,1865.7,False,REP-946,2.91,27.49,False
0cc4827a-65bc-47cc-baa7-163a1a12bd15,549.53,493.86,True,REP-430,19.29,27.53,False
09c298ff-8985-44ff-b761-b9669a14ee46,387.83,387.83,False,REP-768,6.2,5.37,True
b0d4b1d4-b8fb-4666-8c19-768672accd78,1118.12,1118.12,False,REP-414,12.17,14.16,False
72268cce-ba3d-47a9-9bfa-a34abbd6ae8b,537.04,537.04,False,REP-013,13.93,18.63,False
65629fff-fcba-47a6-a54c-0a621bff71b2,2989.53,2989.53,False,REP-367,4.66,24.02,False
309ef223-1dae-40fd-9aa8-8f5ffce59c07,1603.38,1603.38,False,REP-808,16.99,23.77,False
f4a63973-f853-46f9-8a40-a252843e91cb,3274.21,3274.21,False,REP-621,7.16,20.7,False
40c03de9-9b74-4aa3-b68d-2c02b6bbca29,1652.38,1652.38,False,REP-207,29.59,22.9,True
6bb967ae-6677-4793-8bc9-41a561c65c0e,2947.22,2947.22,False,REP-054,12.98,10.77,True
94b6b3ac-e91f-41b2-ad35-cb035fca71b1,2669.44,2313.11,True,REP-208,11.83,14.32,False
7d56492f-6203-463a-bd78-e0febeee1466,190.36,139.43,True,REP-752,27.54,25.42,True
2fa97922-be95-43b0-a2e7-505f6cf5dcce,2596.73,2596.73,False,REP-360,26.9,22.84,True
4358c321-8dc0-4de6-a383-7b0d8c36cb65,965.48,965.48,False,REP-352,34.03,14.1,True
83eea14f-43de-4de5-9fd9-4e886598a692,2297.05,2297.05,False,REP-223,13.5,27.86,False
4be5dd12-dc56-4fca-89ec-6aa9dfc77448,1770.69,1770.69,False,REP-857,32.92,23.12,True
a0fa6a45-a008-49d6-b744-f3ec68479253,1133.59,1133.59,False,REP-019,19.29,25.66,False
dbbcba74-8538-425f-9422-eebb7a483180,3957.53,3957.53,False,REP-199,36.35,16.73,True
0d5d173c-9e50-4f1b-b2fb-295f2a75c0fa,2717.39,2717.39,False,REP-104,30.26,29.21,True
9394c025-ad22-43c2-a3ae-04ebe1c59b4e,2738.97,2738.97,False,REP-415,14.69,21.84,False
8fa1afdc-a86e-40dd-a55e-ac9ba211edfd,3353.28,3353.28,False,REP-753,3.69,27.63,False
9ff1a70e-6406-4316-b15b-d77a760c0480,1895.96,1895.96,False,REP-288,29.04,5.96,True
1b72d25d-d2d2-4771-93f6-f02765eb4610,851.46,662.24,True,REP-069,29.85,12.69,True
0ed4b869-7ebd-4c99-a564-1f0afe43b1b7,1600.67,1600.67,False,REP-543,9.34,27.1,False
e75173fa-f09f-43f1-ba0f-44e1dff2fb1c,270.81,212.61,True,REP-511,29.8,8.8,True
018e15f2-7ced-4284-853b-e582073a91cf,495.67,495.67,False,REP-460,6.26,8.08,False
49d5d1a9-b627-4ec7-91a6-0402ef3f96d5,1583.52,1583.52,False,REP-333,11.62,25.27,False
04b2db47-fd72-4fe0-840f-96dfc93dc699,1506.39,1506.39,False,REP-763,11.89,12.2,False
8f8c5ecf-b31b-460d-ba96-5fb9e302fbfa,3655.11,2437.05,True,REP-394,22.62,26.59,False
2fb88ec8-50b9-45cb-b2b8-11d3886ae383,4507.47,4507.47,False,REP-860,11.82,16.64,False
f74089b4-b013-4db5-91ee-fd42d2cbc5a3,2685.35,2685.35,False,REP-822,4.45,24.63,False
16776c7b-4aca-4c0c-bdb6-a67ce5c6c746,2242.22,1681.25,True,REP-080,30.74,25.01,True
086e9a62-816f-4332-9867-17d15d98c983,576.41,576.41,False,REP-243,35.61,27.46,True
7a708be7-b325-4f3c-ab2f-7f648a26753f,3736.17,3736.17,False,REP-927,10.31,15.95,False
141051b3-b8b8-43f3-b919-f6930ba8ab70,2544.32,2544.32,False,REP-163,35.48,15.42,True
69b2563d-3a60-4891-873f-63efd76de7ed,2433.16,2433.16,False,REP-968,2.26,9.67,False
421f1e82-39a4-4f9b-abb5-6f83f00adfcf,758.71,521.97,True,REP-674,24.52,23.01,True
bf672972-d0a1-4fae-b932-66de8f216925,2481.43,2481.43,False,REP-851,36.52,13.74,True
9ef4e2c1-399b-4fe4-a660-955d3bb500ae,2223.63,2223.63,False,REP-866,2.11,10.29,False
f35e38fe-0e55-40cd-8316-fd6b3016bcca,1534.46,1257.16,True,REP-612,18.76,7.33,True
fd3c8654-0fa2-45ce-aa8e-103680fa40b1,1731.49,1731.49,False,REP-470,32.14,8.51,True
b65f8758-b764-4ae4-a198-78177dc9fdbe,2701.51,2701.51,False,REP-276,17.03,18.3,False
1bd25679-290f-4dad-ac71-a975b2b906b5,1917.31,1917.31,False,REP-027,37.51,16.18,True
f09f8f00-3fd1-481e-8318-8620c7c175b6,3287.07,3287.07,False,REP-182,39.66,29.89,True
fd0968af-3488-47ba-9f9e-4d9ecffe0e1c,4674.05,4674.05,False,REP-139,33.3,25.41,True
626e8d68-8f25-4c5e-b42d-b9f26b5bc121,4119.4,4119.4,False,REP-280,13.87,7.31,True
f9cd14e6-12cc-47c9-892d-8385c1bc2eb3,3158.18,2588.27,True,REP-368,10.09,20.28,False
96d0e1fe-c39b-46d6-976b-e78a72b29a51,2053.24,1759.47,True,REP-881,3.85,27.88,False
f609368c-caac-4916-928d-ec8652c03dab,5256.9,3580.95,True,REP-006,15.48,16.49,False
21482012-9342-499f-a0ab-c1629a04199f,2633.03,2633.03,False,REP-889,20.48,21.76,False
ee0f7100-67f4-48fe-981b-46d2b4c00e4e,1447.56,1447.56,False,REP-694,33.15,18.81,True
2c638655-6026-492c-b8b6-d616d9c44da0,857.65,857.65,False,REP-888,22.52,19.67,True
b1e6ce9f-0b2a-468c-bd1a-a7866cd3ccc8,1306.51,1170.88,True,REP-542,2.53,18.66,False
8d3006bc-3866-42ef-97fd-2f8d8c1bb2c1,1472.74,1472.74,False,REP-754,23.68,11.94,True
2be7a907-e38d-4b51-b25d-998f14df3d92,1598.6,1598.6,False,REP-919,9.13,8.18,True
f451b21f-a537-4c43-9556-353354a6f982,4799.03,4799.03,False,REP-122,26.34,10.87,True
5486087d-eeb6-4e3c-a9a9-c2bf19f4038e,1672.74,1672.74,False,REP-737,9.29,21.33,False
ebf864b2-3840-40e3-8ae3-c9053433c6bb,337.13,337.13,False,REP-459,19.74,20.04,False
12bce5f7-8a5a-4ca4-8dff-750b736af9a5,1371.22,1371.22,False,REP-751,16.69,17.49,False
7a417c56-6511-4b4d-bca1-428fdf1f6ad0,1279.49,1279.49,False,REP-820,38.96,15.66,True
7c6ff657-af08-4925-b0b5-564ddf885b9a,2192.89,1585.42,True,REP-207,22.45,6.87,True
896634b7-31b5-4270-ae09-0046d0fab10f,1011.52,1011.52,False,REP-495,2.49,19.17,False
6bd365c9-bd6d-4f4c-9b72-dd18b0696c16,706.9,706.9,False,REP-078,38.54,10.68,True
141ea4c9-c61d-4510-adec-75be79331e13,2701.14,2701.14,False,REP-991,35.41,13.08,True
962deab7-2fad-4176-9324-e3ce08ff48a4,775.74,775.74,False,REP-150,9.73,26.64,False
b6939c5c-292e-4e7f-ab9b-00bb0c7e9c89,805.84,805.84,False,REP-541,28.57,26.87,True
439caa28-59ff-4e0b-9ddb-b8f61e07c2b0,2861.37,2861.37,False,REP-546,36.54,19.01,True
0369eb22-a971-4077-a350-b4c212875b41,1660.76,1660.76,False,REP-878,25.02,11.91,True
0b704cdc-0eca-4e59-8e2c-0f5d741370a2,3664.89,3664.89,False,REP-713,13.57,26.96,False
5c9c0053-963b-4d47-87e5-bac80de37e23,1369.89,1369.89,False,REP-607,38.72,15.98,True
3a74fd00-10f3-4732-8802-aba6f0dd15e4,276.15,276.15,False,REP-696,8.18,6.24,True
b4c28356-7684-46f9-90f5-a4b2275c2ef3,3955.4,3955.4,False,REP-961,25.55,24.17,True
df20420f-f8c4-4900-ae1b-fbe0db1217ae,5624.64,5624.64,False,REP-299,22.74,25.26,False
8c7401e0-9d0f-4afb-ac3e-e6ffdb2ab57e,5620.65,4120.3,True,REP-046,33.82,21.43,True
f81cf43d-d76e-44fa-ad07-97929606a809,2727.95,2727.95,False,REP-172,23.38,24.93,False
eeca1566-993d-44f4-bc56-f5ad35dad91b,3192.22,3192.22,False,REP-683,26.6,27.98,False
e26ad653-4bb2-4f73-ab2c-af4c6d9be835,2061.91,2061.91,False,REP-691,10.57,28.17,False
10a64090-cf73-457b-a555-78947196e502,827.45,827.45,False,REP-285,26.34,19.32,True
96b2d730-3747-4901-ba27-19d7b785c8b4,748.04,748.04,False,REP-277,10.16,18.67,False
6148e6f4-62d2-4a3d-9fef-1400091a2691,2804.06,2804.06,False,REP-091,12.87,12.87,False
82f52019-b520-4d93-a309-b1722796d4d1,821.19,821.19,False,REP-861,8.48,17.2,False
44e59ca0-925b-4639-aa39-040b8f8be9b5,1346.24,1346.24,False,REP-398,13.1,17.74,False
875e8172-bdaf-434f-9965-57caab21a558,4388.65,4388.65,False,REP-764,8.94,21.26,False
ca9ca619-35a3-441f-9392-13d6b8ca92f8,472.4,472.4,False,REP-858,0.9,5.29,False
3caf96c3-6d4d-4fec-bf1c-ad4cf6a540e6,356.81,356.81,False,REP-553,4.85,29.23,False
fa2183b0-e5ae-45e7-8975-ae427bf62096,2916.12,1916.51,True,REP-576,11.09,10.48,True
9c18de09-d3bd-4cce-a5c8-3df97066205c,1733.23,1733.23,False,REP-047,10.49,6.12,True
206756fa-137a-4b1f-90fc-8a3386a49089,1268.02,1268.02,False,REP-130,32.18,5.7,True
1c1f2e03-356b-4a93-9c57-07ac14a96ce1,1338.94,1338.94,False,REP-789,33.78,22.36,True
621a149e-89a6-419e-a747-d0cd120e655d,2507.74,2507.74,False,REP-879,39.75,13.86,True
533e3c39-f4b7-457e-90b5-ac603d3201ac,3419.93,2559.7,True,REP-152,0.43,10.51,False
15f77b73-91de-4411-ab11-03a40a32c355,1459.01,1459.01,False,REP-634,5.91,18.14,False
51dec33d-4d05-45dd-b798-f76e77b9cfb5,545.68,545.68,False,REP-452,6.74,18.56,False
62da5472-31e7-46e9-b715-1615069c0133,3552.53,3004.63,True,REP-688,14.56,14.25,True
3a245f91-785e-41ff-baf0-669345fb7c4b,746.16,746.16,False,REP-814,4.2,29.73,False
92000456-7e17-49b7-8c5d-4fabce386688,2157.62,2157.62,False,REP-823,35.57,15.05,True
c859b544-a104-4883-8ab4-2e7d27f6d74b,746.47,746.47,False,REP-379,32.17,23.55,True
6752593c-c86e-479e-9581-33cf79d5531c,1929.9,1929.9,False,REP-298,38.01,15.01,True
7ba04d44-104c-43f5-9d41-dc3d802a66d2,1174.46,1013.72,True,REP-059,32.45,16.17,True
683083a9-f7e8-4ea6-9fb1-b5179fff292c,2631.79,2631.79,False,REP-773,6.6,12.55,False
fa781892-dda4-40d7-9792-233922cdb21c,1683.31,1683.31,False,REP-214,16.31,29.64,False
a3d8a5c0-535b-42ae-af84-aea009770469,1903.32,1903.32,False,REP-088,38.85,24.08,True
1674275c-d3d3-4d5b-bb30-61426ff23498,270.23,270.23,False,REP-293,8.79,5.56,True
4ddfbe19-6a56-47fb-9c0e-0a9a67f8b56c,223.47,223.47,False,REP-604,35.38,27.65,True
e2a9fc19-5f9c-4784-bf8d-4af4d898ae94,2487.97,2487.97,False,REP-898,36.44,17.1,True
083ed8e0-ef21-4939-9ecf-0883bf416473,540.98,540.98,False,REP-945,22.35,15.78,True
f7578cd6-9650-403f-a7a5-d40198635118,2217.43,2217.43,False,REP-461,22.9,20.0,True
cfc6b163-bdbb-4041-a405-1cc2e5f5630e,3727.63,3175.55,True,REP-592,9.87,28.88,False
9d535545-060e-4b11-b49a-dcf950fc398c,1860.38,1860.38,False,REP-744,4.4,27.39,False
78ce6523-0f0f-4eb3-a24c-48ca1aeeb497,2372.56,1846.53,True,REP-459,39.28,9.69,True
06c97d87-c46b-4c4d-aa14-5742897bcae0,2734.9,2734.9,False,REP-688,35.18,16.17,True
f42181d2-d00f-4ad1-a021-6cb5c9b191d4,1086.44,790.26,True,REP-218,26.19,9.69,True
d8fb9711-77e5-426e-b0eb-0ee32e3581d0,3313.38,3313.38,False,REP-967,24.24,14.74,True
5de3b2c4-080d-4205-98da-cae1adf2f6ea,1012.52,1012.52,False,REP-500,20.99,17.94,True
eaf65f27-27b6-4484-b787-554018ccf15f,2463.01,2463.01,False,REP-977,37.5,11.13,True
938b6a59-b0f4-4d61-8c05-480689a82f5d,1688.32,1688.32,False,REP-872,31.27,9.23,True
c8831001-3ae0-41f6-bd4f-71037bdac2da,2781.93,2781.93,False,REP-153,17.88,14.8,True
8e292e12-2803-4388-b3eb-93297d55a248,770.26,770.26,False,REP-088,34.07,5.99,True
4209c8ca-7b91-4cfd-8136-2c0137d94adf,351.97,351.97,False,REP-911,2.56,12.58,False
a06f9914-c6ff-4596-9da2-dfb20f9ac37d,2596.56,2596.56,False,REP-384,36.43,6.46,True
2bdbe4fb-fd44-4938-a6d1-76d0e210425a,2110.52,2110.52,False,REP-665,7.06,5.86,True
c5a20973-3928-468b-adb9-4a8bfe50eb3a,193.02,193.02,False,REP-365,15.08,24.88,False
40b5a48c-5b82-4616-b0e6-3980bcfc03ce,4201.57,4201.57,False,REP-020,14.34,28.81,False
4dc5c5cd-ae95-4a1d-8fb4-13ed3fc6778e,2233.39,2233.39,False,REP-641,15.13,11.1,True
2e302d47-88c6-4799-9967-18ca95a7c4b6,1447.68,1447.68,False,REP-826,33.98,23.11,True
7a66207f-a825-4430-8aa2-d3add746aea3,2318.32,2318.32,False,REP-781,39.04,17.07,True
319fe3a7-5cd4-4aee-aeb2-ec356d3232e6,885.32,612.28,True,REP-159,12.53,22.88,False
3c471a40-88bf-4ee3-a70b-a6f138b6b026,2473.39,2473.39,False,REP-168,2.67,27.18,False
c69cf24c-1714-491f-bcee-dcecc3881dbf,587.33,587.33,False,REP-825,9.52,18.38,False
68101293-78db-4820-b1c8-c63a60b04081,3073.98,3073.98,False,REP-559,38.91,23.45,True
0b646cfe-ae60-4691-8cdc-44d4ca8b561d,2479.09,2479.09,False,REP-397,29.39,10.89,True
58af6185-22c5-452a-9051-6446f66b116a,4798.58,4798.58,False,REP-794,33.41,5.97,True
3f5303de-d818-4e24-b9cc-9b7d292dc175,1934.52,1407.41,True,REP-119,14.35,25.84,False
8084779c-5e27-4083-b5d4-5ecebef2cd1e,1180.16,1180.16,False,REP-430,18.89,8.06,True
