account_id,company_name,contracted_compute_hours,contracted_storage_tb,discount_ceiling_pct,contract_start,contract_end,assigned_rep_id,region
28f77f87-0d00-44c1-9e17-e84213e9d522,Montgomery-Holmes,9708,75,9.8,2025-09-03,2027-01-01,REP-184,US-EAST
22238eae-ca03-4f1c-a44b-aaaa2a23dfd4,"Sampson, Jensen and Howard",6141,96,24.44,2024-09-19,2026-09-28,REP-296,US-WEST
695de833-ea2d-4733-8a71-d31832ecf880,Lyons-Ward,1729,68,9.53,2025-05-03,2027-04-19,REP-519,EU
54985bea-a106-4951-a591-96546f340f29,Copeland-Rivers,7048,84,25.06,2025-09-04,2027-05-06,REP-374,EU
4edab2f7-119f-4e1f-a4cd-1fafe2111fda,"Kennedy, Watts and Nelson",1659,41,11.81,2025-02-11,2027-07-26,REP-401,EU
6c6ae2e1-aefe-4469-87a2-390228ed85a0,Logan-Smith,6953,1,12.88,2025-04-25,2027-06-23,REP-532,US-EAST
b49d9a14-a374-40e3-aa6d-24afdae0a88d,"Williams, Mckee and Morris",5531,27,21.3,2024-09-25,2027-03-19,REP-321,US-WEST
2ab3ca2f-4996-4dd8-9cbb-ad2037d20a36,"Gregory, Sims and Haley",9031,74,13.44,2025-06-24,2027-03-18,REP-863,US-EAST
3cc8c7a1-4599-4f7f-8877-5cbe8fb7a3cd,"Mitchell, Perez and Parker",1545,36,29.1,2024-11-02,2027-07-12,REP-103,APAC
9357ca66-2877-4f9b-a94c-821e9c07b1c5,Ochoa-Moore,1124,10,17.38,2025-02-17,2026-10-12,REP-273,EU
62c620a4-b212-4f75-9746-d05f89f297b8,Eaton Ltd,1396,93,24.54,2025-04-25,2026-09-19,REP-779,US-WEST
a442a1aa-385f-421a-86ea-e1f8836936a4,Johnson-Hess,5103,14,13.38,2024-12-24,2027-07-12,REP-708,APAC
71b07cfe-994a-4ddd-9c21-d0d14072b039,"Navarro, Murray and Spence",8857,9,12.46,2025-04-11,2026-10-08,REP-841,EU
594b82ae-3ba0-4fcf-ae9e-ac4ce531aad1,Adams Group,4703,17,6.14,2024-12-26,2027-08-13,REP-966,US-EAST
5db68dcd-2593-480c-941d-d20b17cafe94,Berg and Sons,3700,27,7.86,2025-05-24,2027-07-10,REP-338,US-EAST
da608720-c5f6-4b82-bd4c-697793c6287e,"Perkins, Thompson and Morris",3300,56,9.22,2024-10-17,2027-09-12,REP-670,APAC
ceb0c391-2d15-4d7a-afde-279509edfb9e,"Taylor, Morales and Wright",6700,96,24.21,2025-05-18,2027-04-03,REP-508,EU
f20ace75-494a-45c5-a7d1-b50028c0ae2b,Sanchez LLC,9239,57,18.31,2024-09-27,2027-09-07,REP-421,APAC
61a96795-5b75-45f1-b77e-a75e56167ffc,Mack PLC,1599,2,20.9,2025-03-02,2027-08-11,REP-004,EU
de352e1d-44a5-4d86-8e0e-3f0abdf3a500,Gonzalez and Sons,715,60,27.69,2025-03-16,2026-11-25,REP-098,US-WEST
d5daadf0-4ac6-49cd-aadb-4953243d9cfc,Cole Inc,5112,55,17.08,2025-01-28,2026-12-06,REP-644,US-EAST
451ab3c7-8ca2-4f5e-8bd0-c48ec35ad0d1,Wright-Parker,3833,40,12.49,2025-09-13,2026-11-25,REP-680,APAC
b966a444-8c91-412e-849d-4ea1aefd583e,Brewer Ltd,3086,74,19.02,2024-11-04,2027-08-22,REP-280,EU
5a5108f0-4845-4178-a769-e2f331090bd5,Hernandez-Frost,5470,94,25.96,2025-03-07,2027-01-23,REP-219,US-WEST
7f7aa3ed-004e-4878-9293-95c2c966a7f7,Gonzales Group,7568,54,29.81,2025-02-09,2027-02-23,REP-603,US-WEST
37ee95e7-28ad-47b8-9d97-38bb700211ad,Williamson-Thomas,4051,48,16.38,2024-11-30,2027-02-16,REP-386,US-EAST
c4e8075c-3042-44a5-b3b6-94252a7ea3d4,Bennett Group,5279,73,29.57,2025-05-29,2026-09-29,REP-111,EU
f0f8b1d0-6f68-48f3-9e72-7e18a7bdd814,Parker-Meyer,2462,73,24.87,2025-09-01,2027-07-24,REP-052,EU
99b26ecd-2b8f-4095-8a90-e19e158df0d4,Gonzales LLC,4067,64,16.86,2024-12-21,2027-07-13,REP-201,APAC
0469286d-b0ba-4c8e-8e1a-afdb2b35530a,Singh Ltd,4432,15,13.34,2025-03-03,2027-08-18,REP-961,US-EAST
9700addd-05f6-4c3f-9c75-1bdae5a00f57,Flores LLC,3625,92,7.26,2025-04-26,2027-06-20,REP-834,US-WEST
75cd7205-c29a-466e-ab88-e984b334637b,Miller-Willis,8998,15,9.65,2024-11-16,2027-09-09,REP-935,US-EAST
a1356948-87ba-4155-a7c2-66b0b7baf15a,Evans-Williams,714,35,5.77,2024-10-22,2027-04-30,REP-906,APAC
4cd07fbd-e7b1-44bb-8f7a-9ff7bb89116f,"Perry, Baker and Smith",9992,3,5.11,2025-02-12,2027-04-01,REP-914,US-WEST
2a7c5def-7426-44f9-889a-c8c0fb65be1f,Vega-Rodriguez,6144,24,11.59,2025-03-12,2027-08-29,REP-094,US-WEST
f830913a-a7b6-45fd-9777-9b1a4b783365,Nunez Group,7421,37,5.31,2024-11-30,2026-12-26,REP-609,APAC
f4795e96-2bc9-422f-aeb4-fde18750ab13,Blanchard-Medina,6147,58,17.99,2025-05-14,2026-10-22,REP-453,US-WEST
ab31502b-ef8a-428f-970f-51a91cefe050,Hester Group,7405,79,15.35,2024-10-14,2026-12-08,REP-871,EU
0f01fc5b-7f5d-48d7-9c39-f31ecdbb831f,Rogers-Rojas,6396,11,13.16,2025-04-15,2026-12-02,REP-433,US-WEST
ae9ea5a5-91d1-43d0-a150-d63c61fc1b05,Schmitt LLC,4203,73,28.56,2025-03-08,2026-10-26,REP-122,EU
0ec4e932-758d-4934-bce2-22d682f8757f,Jordan-Beard,1600,89,9.09,2025-01-11,2026-09-19,REP-131,EU
75f23398-1451-4512-9563-4c0c25edc6bb,"Moore, Turner and Moore",2795,46,14.24,2025-04-01,2027-04-12,REP-054,US-EAST
120737c1-90b9-4efe-9002-683a8494d0c3,Stokes PLC,9428,96,13.77,2025-01-27,2026-12-29,REP-898,APAC
70acbf17-1782-45cd-bf34-1ac2a9d61c08,Ray Inc,1573,64,24.36,2025-03-21,2027-07-28,REP-494,US-EAST
9753e34c-0d2f-4131-abfa-cc7d788807b7,Andrade and Sons,880,98,11.33,2025-02-20,2027-07-08,REP-299,US-EAST
ebd040e2-4e29-4701-8bab-30d7abe67717,Thompson-Bruce,4898,62,5.84,2025-02-25,2027-01-25,REP-021,APAC
aa54fd58-29c4-4e69-91fd-67d2ecf814f7,Hoover and Sons,7619,56,16.54,2025-09-01,2027-01-31,REP-909,EU
708489ab-d6f7-4ce5-af84-bd385321038b,Hall Group,9519,76,17.58,2025-08-14,2027-07-28,REP-300,EU
5162674d-fc4b-4f76-8066-a4937b6af820,Powell PLC,5843,76,16.17,2025-08-15,2027-04-15,REP-373,APAC
34cdd2d8-fcad-437c-aa1c-8506e9848551,Alexander PLC,5756,61,27.85,2025-02-13,2026-12-02,REP-148,APAC
9ab38c45-d7de-4f47-8c6c-4e3d01ed23e9,Tate and Sons,3138,15,10.89,2024-11-02,2027-07-23,REP-839,EU
4c5a9271-444f-4ef5-b3af-a055c09897a4,"Strong, Curtis and Stewart",1775,38,20.63,2024-12-15,2027-08-08,REP-857,US-WEST
2b7bfc3e-da11-4846-b272-5e0000a07a5e,"Moore, Black and Christian",3291,60,7.33,2025-02-01,2027-04-01,REP-928,EU
92bd2d06-cfd9-4ebd-b4c9-f3b93012b545,Webb Ltd,2269,93,5.3,2025-07-31,2027-07-05,REP-185,US-WEST
f6c1719c-1215-4232-b630-d2b24ac3d423,Wolf Inc,3493,40,25.75,2025-01-31,2027-05-27,REP-913,EU
2ed396e4-69a9-448c-b800-3156d0dae5d5,Adams-Holden,7464,37,26.55,2025-05-06,2026-12-19,REP-433,EU
c077bd22-aa87-44d2-bfc6-39d7b1c18854,Smith-Everett,9544,49,25.74,2024-10-13,2027-08-16,REP-548,US-WEST
0c3c593b-32ee-4e42-bd43-ade1c5b8ca7a,Parrish Inc,8865,67,22.46,2024-12-16,2027-04-06,REP-613,US-EAST
a84022d5-ecf7-4d54-954a-be1008686125,Irwin Inc,9052,37,26.25,2024-12-28,2027-02-13,REP-262,US-EAST
cf28623a-bdc5-47c6-9366-2730d84bb560,Silva-Wolfe,2572,71,5.75,2025-05-26,2027-05-04,REP-149,APAC
43349331-627b-4113-9f3a-d032b33b717a,Serrano Group,577,72,17.63,2025-02-09,2027-05-31,REP-894,US-WEST
9cdac2cb-5fda-4d9e-9810-dc5d9ba71602,"Lewis, Horne and Griffith",2501,74,19.85,2024-12-25,2027-09-03,REP-177,US-EAST
4c2638ab-4277-4f6c-9148-71c91677baa1,"Smith, Brown and Moore",6983,16,9.31,2025-02-22,2027-05-15,REP-572,EU
329d4b04-63d5-4f21-9324-6df44ef74a88,Horton Ltd,4246,14,23.49,2025-07-15,2027-01-14,REP-363,EU
f040c6aa-dde3-444f-b5a4-d393f37dcaa4,Ford-Mclean,7283,48,25.7,2024-12-28,2027-09-03,REP-823,APAC
a20202b9-b0c4-4dfd-9a2f-ff727f5aedf9,Hines LLC,9629,22,21.49,2025-08-25,2027-02-15,REP-240,US-EAST
272e2268-cf5d-426d-ba49-0a858e147221,Henderson-Collier,596,4,20.15,2024-10-19,2026-09-17,REP-458,US-WEST
10bcb2e1-88a9-4f23-9ba3-c47181cc14b0,Hill LLC,4235,4,24.31,2025-08-20,2027-03-31,REP-071,US-WEST
5512ae4b-cc9c-4d6a-aa8a-31c2ecc734bd,"Ross, Anderson and Baker",6815,67,25.32,2025-04-30,2027-03-15,REP-852,US-WEST
179102a6-f100-4543-9896-03f1fae5fdb6,Tucker-Mills,8167,67,22.83,2024-12-18,2027-07-18,REP-740,US-EAST
8f32c0bd-6c69-49ff-90a5-3691c667af26,"Long, Cole and Padilla",8904,32,8.18,2024-09-24,2027-07-17,REP-637,US-WEST
7bead3ea-17f4-4edc-b024-5d7abad4a2ff,"Cruz, Mcconnell and Patterson",6377,82,23.02,2025-07-10,2027-03-25,REP-748,US-WEST
4a158703-d20c-4c80-a87a-c8efb3907a00,"Walker, Villanueva and Powell",1575,5,12.29,2024-10-16,2026-09-28,REP-142,APAC
ef533373-2433-4447-b4bf-e842d6bc7e04,Yates Inc,4506,81,14.46,2025-03-27,2027-09-13,REP-521,US-WEST
e7f9c918-2631-46a2-a74a-1f35b35877d3,"Abbott, Simpson and Campbell",4312,80,15.06,2024-09-28,2027-08-29,REP-450,APAC
70b7d01e-bdcb-4eef-8674-63246f1309f1,Leonard-Howell,4858,7,5.29,2024-11-25,2027-04-08,REP-340,EU
e4b02cd5-1119-4e24-8e93-3f09f988cc25,"Case, Castillo and White",3463,10,19.27,2025-08-20,2027-01-15,REP-393,US-EAST
53f4f60c-f1bd-476c-b7fb-7e0bdc69fb28,"Jones, Scott and Dixon",2486,68,14.61,2024-12-20,2027-04-20,REP-219,US-WEST
d1fdd407-8f72-4d00-b03e-8affa616108b,"Oconnor, Mcintosh and Stokes",4398,80,20.07,2025-04-18,2026-12-23,REP-127,US-EAST
dcacf4bb-4d61-4c1f-9438-d2f4f98d89c7,Adams LLC,4734,52,20.34,2025-09-04,2026-10-29,REP-462,US-WEST
b50bead0-127d-44df-84a6-ead244183a36,Wilson-Harris,1252,5,7.24,2025-02-10,2027-04-30,REP-303,US-EAST
48dbb55e-e0fd-402a-8ae0-27692b59cc82,Evans Ltd,7175,69,9.11,2025-01-17,2027-01-02,REP-216,EU
44ffd064-9add-45dc-8890-511b124a6616,Gallegos-Owens,5468,22,10.36,2024-11-16,2026-12-21,REP-674,EU
b3b89988-1b64-420c-94fd-a026108b8369,Allen Inc,1568,2,6.72,2025-02-11,2027-03-09,REP-191,US-EAST
b399e74a-9eac-4db7-9f05-71a603974d01,Castillo-Davis,6452,57,11.98,2024-10-25,2027-07-21,REP-549,US-EAST
d2301045-ee71-4d16-957b-097f2aa4bfcc,Wall Group,9393,66,16.85,2025-01-09,2027-05-04,REP-578,APAC
ed75e4a9-9b39-487c-8ee0-cf4dedd744d7,"Lee, Tran and Ramos",8146,21,28.81,2025-06-08,2026-11-18,REP-934,EU
763d7cc7-860c-4b48-b79e-a0a67094a720,Scott-Hall,4456,71,17.41,2024-09-21,2026-12-03,REP-763,APAC
eaae2eaa-1f34-463b-b5cf-363533cc54ef,"Fry, Williams and Little",7662,72,21.58,2025-06-05,2026-11-13,REP-833,EU
0f348db0-77a0-46e2-b7c3-7824682403be,Weber PLC,3915,12,27.88,2025-03-19,2027-07-03,REP-778,APAC
d5c22804-0a0e-4560-bf4f-a84297e96e36,Cook LLC,7980,35,25.33,2024-12-11,2026-09-18,REP-058,US-WEST
cd4f4dea-0eb0-4eef-9b6f-4e4cb8c96757,Rodriguez Inc,8257,17,24.65,2025-05-06,2027-06-24,REP-030,US-EAST
384b9a20-ffac-4d39-93b2-194b3a7c0feb,Duncan and Sons,953,65,17.18,2025-08-11,2027-07-28,REP-498,EU
a48eaa06-81c9-4b3b-a3ae-9b71588020d8,"Bennett, Kramer and Adams",9724,2,15.53,2024-10-03,2027-03-11,REP-345,EU
bc27c21c-f9e4-44ce-92e6-95d8aaeabd1e,Maynard-Lee,5795,99,7.58,2025-01-18,2027-03-20,REP-400,APAC
b54f3136-2559-4c55-8345-4b0642582e56,Pierce LLC,9921,73,26.41,2024-09-24,2027-07-21,REP-214,EU
9a5731c7-6a16-4266-be7e-732d64c695de,"Jordan, Kennedy and Delgado",5268,66,25.32,2025-07-11,2027-09-11,REP-501,EU
98cc7786-a0d2-4ff5-8efa-2d6bdecb31a3,"Spencer, Campbell and Edwards",6189,71,10.29,2025-06-28,2027-09-05,REP-309,US-WEST
4d0b3eac-f8c0-4e2b-8fa3-b6b356e27494,"Hall, Hart and Williams",8489,92,15.74,2025-01-02,2027-05-22,REP-402,APAC
df1ab337-fdb8-40be-9e7d-ce3d82482b72,Sanchez PLC,5050,26,14.67,2024-10-20,2027-07-24,REP-005,APAC
73a7a5bb-5db2-4ccc-93e0-bf2a81e51b9b,Wilkinson Ltd,5416,9,26.69,2025-07-22,2026-12-03,REP-379,APAC
d5a63c68-494e-44b1-8299-7a2023930c28,Palmer-Cohen,5223,46,18.99,2024-12-19,2027-02-27,REP-105,APAC
122c82b3-f3d5-44f6-9596-943a98166511,Jackson-Clarke,3684,4,24.99,2025-06-14,2026-09-23,REP-740,US-WEST
a3e8d2c2-48b1-4447-a73e-abc47639936c,Ramos-Smith,6050,87,5.81,2025-01-26,2026-09-27,REP-976,EU
fafd1f61-f494-40ba-aac9-599e95056670,Baker-Johnson,8340,6,5.84,2024-12-26,2027-05-13,REP-735,EU
48b376bf-749a-42b2-9caa-8772446ed413,Hughes-Armstrong,9308,62,10.4,2025-02-19,2027-08-16,REP-890,US-EAST
aa80f144-c5d6-475d-91e7-a13907af9c29,"Pollard, Doyle and Hampton",2994,33,15.67,2024-12-20,2026-12-20,REP-718,US-WEST
f55802c0-70f1-48d1-aae7-c01fb2fbebce,Marks Group,3006,97,6.95,2025-06-23,2027-03-26,REP-244,US-EAST
e656af82-aefc-47ca-9726-1b0af8df7b20,Cruz LLC,6534,66,25.42,2025-03-09,2027-06-15,REP-693,APAC
5939fed1-82d9-470d-9541-5df8bbaaba1d,Larsen Inc,5400,16,22.89,2024-10-03,2027-07-03,REP-295,US-EAST
6e158144-18f5-48bb-a617-3b88147d31ac,"Andrews, Espinoza and Wright",5494,70,13.37,2025-09-08,2027-04-08,REP-638,EU
568b94ed-af47-44f7-8517-1c0adec76bc5,"Flores, Allison and Lambert",1761,77,21.22,2025-08-14,2026-12-03,REP-007,US-EAST
9aa356a6-580a-42b4-b63d-d5e10a46d75b,"Ballard, Delgado and Strickland",4582,82,13.06,2024-10-09,2027-08-16,REP-035,US-WEST
16beef75-4864-49c1-a424-e7200027a136,"Lucas, Oliver and Acosta",7730,74,17.77,2024-10-03,2027-01-14,REP-760,US-EAST
414bb8b3-0144-45b0-a87f-756f59cb3b42,"Dunlap, Martin and Hall",9152,32,22.5,2025-06-14,2026-09-25,REP-353,US-EAST
e6e2e120-992b-483a-8b75-a81ffa7b466e,"Mckinney, Hamilton and Lopez",8453,40,14.69,2025-07-05,2027-02-19,REP-353,US-WEST
5a003794-a4a9-4b83-b56b-189825a171cd,"Ryan, Castillo and Moore",3674,46,19.03,2024-09-25,2026-09-20,REP-747,APAC
4d2ad3b8-9e01-4a81-93ef-3017c4cea288,"Lowery, Lee and Bates",4112,32,8.38,2024-11-11,2027-02-09,REP-405,US-WEST
0b8b22b2-2aa7-44c2-804c-d55d035b1de7,Clark-Esparza,8632,21,6.78,2025-04-02,2026-09-23,REP-549,US-WEST
d5bc5a13-dfdd-47f3-a960-096fd792e63f,Young-Sanchez,3485,96,15.73,2025-03-28,2026-10-18,REP-804,US-EAST
f393e4df-4b14-4bec-87c1-c1fa3c438e8b,Keller-Jenkins,1803,48,20.55,2025-07-07,2027-02-18,REP-464,US-EAST
d509602a-f7cf-4386-b61e-15927161e968,Bass-Levine,6231,77,10.61,2025-07-04,2027-05-03,REP-215,US-EAST
2a2e10c4-8909-4d93-8597-2044284a8b7b,Perkins Inc,7617,93,21.92,2025-02-25,2027-05-25,REP-253,EU
469b58c7-2497-49a8-a06b-4a4490c4bd42,Gomez PLC,4724,8,10.06,2024-10-31,2026-10-04,REP-690,APAC
a394e668-127e-45af-b1ad-aa87176944b5,"Young, Sanchez and Chaney",4708,48,20.82,2024-11-02,2026-09-29,REP-706,US-EAST
dd1f1703-03e5-4ee0-b1f3-ce3499b1e8fb,"Wang, Young and Wu",9298,29,17.47,2025-05-14,2027-08-18,REP-001,US-WEST
143da9a8-cf16-42c0-b0c3-be357371b137,Baker Group,5310,76,8.81,2025-03-31,2027-01-17,REP-672,APAC
ace3e23d-21f8-410f-ba7b-b866cc34bd52,Pineda PLC,2217,50,29.36,2025-08-24,2027-08-13,REP-407,US-EAST
7de874e1-604c-4ff2-893c-e35d8c65aa8d,Harrell-Smith,6563,94,23.25,2025-07-13,2026-10-16,REP-748,APAC
3e465ffa-b17a-4f8e-9ec4-8b61c169382c,Sloan PLC,7050,88,22.99,2024-10-19,2027-08-18,REP-777,APAC
3390bc12-f1d8-4c9d-9540-e778453521fe,"Gaines, King and Murphy",7129,46,7.46,2025-05-11,2026-12-22,REP-848,EU
cccbce03-11ec-4dc3-9246-da270b23bf8b,Greene Group,6346,60,6.99,2025-08-10,2027-04-25,REP-648,US-EAST
3bbd1d41-49ff-4945-8842-011f1f46a743,Velasquez PLC,576,45,24.67,2024-12-01,2026-10-03,REP-836,US-WEST
5cd2bd0d-9d19-4215-8760-ce006d1ddf3c,Brandt-Jones,4792,96,24.69,2025-08-28,2027-02-22,REP-697,US-WEST
490d4448-f4fe-4aa5-878d-743f9c132381,Johnson and Sons,3780,55,17.61,2025-06-30,2027-07-03,REP-805,EU
ef5cd8d0-3326-4feb-a08a-dadd7cb9ba55,Hayden-Wallace,6659,18,21.45,2025-07-03,2027-06-04,REP-422,US-EAST
0231e543-a8af-4a2e-b69c-21ace19a2dc5,"Jones, Lawrence and Molina",2665,8,29.34,2024-09-28,2026-11-26,REP-646,US-EAST
5488426e-6833-4b68-9a40-e3132b65b619,Evans Inc,3126,55,8.52,2025-09-13,2026-11-08,REP-923,US-EAST
49a02f79-afe8-4d7f-aec4-bdf462defe64,"Kline, Hill and Garcia",2427,35,23.74,2025-03-19,2027-07-13,REP-757,US-WEST
6bf05c97-0218-4f83-80ab-a6000fea732f,"Walker, Curry and Mclean",2894,47,17.01,2025-08-12,2027-03-06,REP-729,US-WEST
4cefda5a-4c19-4a49-aab8-981cbc3a69ad,"Elliott, Brooks and Carlson",4183,78,11.48,2024-11-29,2026-10-19,REP-093,US-WEST
a94cedea-ce00-4e7d-9c35-5e047c64f261,"Kramer, Phillips and Ewing",5473,38,8.4,2024-11-02,2026-11-06,REP-520,EU
e550e099-8a33-4d97-9e6a-aa47e8a64817,"Holmes, Murillo and Wood",7802,30,14.92,2025-05-13,2026-11-20,REP-407,US-EAST
9f952be4-9bd7-43ac-9d16-895f06985dfc,"Lee, Davies and Stevenson",3335,8,15.2,2025-01-03,2026-11-24,REP-952,US-EAST
8ba8e3ff-3087-4f48-b241-2a3a0fdba7f2,Davis and Sons,2232,16,7.74,2025-02-23,2027-09-05,REP-181,US-EAST
3d8eced4-76cb-402b-b7da-1b08fdeccbd0,Perkins Ltd,4651,65,6.62,2024-10-13,2027-03-19,REP-100,APAC
c69bff94-2f84-49f7-a288-37cc08469cf7,"Martin, Malone and Williams",2338,32,18.9,2025-01-06,2027-02-05,REP-792,US-EAST
690c3a55-1acb-477e-9035-e4f3b713a820,"Herring, Moreno and Arnold",9778,49,15.92,2024-11-20,2027-01-19,REP-659,US-EAST
aa9a8577-d29e-49db-a4c5-b140503c4a08,King-Wilson,1732,51,21.06,2025-07-22,2027-05-09,REP-211,US-EAST
1b333a1f-2a51-48f7-8f70-4702b79bf3c3,Holmes PLC,6539,86,9.42,2025-03-29,2027-07-24,REP-064,EU
b473e659-1788-49ce-a26e-42b769feb62a,Wise-Phillips,1127,41,16.93,2024-11-22,2026-12-30,REP-202,US-WEST
7ca9e33a-dac6-4dc8-9c42-289d916a6c4c,"Mccoy, Lee and Kim",5614,90,21.02,2024-09-26,2027-01-12,REP-111,APAC
c4db7024-4a99-49d4-a56d-c78789d570fd,Harris-Mcpherson,813,84,10.63,2025-04-09,2027-06-24,REP-089,US-WEST
bf449003-45a7-44b5-80c6-caaf4bd9fa1a,"Dean, Bartlett and Zhang",7788,56,5.64,2025-07-14,2027-08-21,REP-385,APAC
50b69157-bde3-47fb-a749-0acab65e76e1,Garcia Inc,9490,56,16.12,2025-09-03,2027-02-09,REP-466,APAC
5e62c281-aec5-48f0-bbaa-e34928d4a427,"Oconnor, Barton and Robinson",9768,33,29.79,2025-02-21,2027-08-27,REP-593,EU
541098f3-7378-4396-9a09-27b82f12c4a2,Douglas-Edwards,7305,37,20.03,2024-12-25,2026-11-25,REP-732,EU
4bacca6a-697a-4850-949b-45273ecd1f9e,Thomas Inc,7703,12,7.03,2025-05-29,2027-07-15,REP-137,US-EAST
ccd2a365-b724-46bf-b04e-b69931be383e,Holmes Ltd,4744,100,13.71,2025-04-03,2026-10-03,REP-394,US-WEST
7c64f9db-3b4c-4d47-b592-8ee11e7466b7,Williams Inc,3572,19,17.16,2025-07-18,2027-02-13,REP-612,US-WEST
57450ac2-283d-48ed-ba16-0e098d2311b2,"Romero, Holmes and Martin",7635,13,27.96,2025-06-24,2026-12-09,REP-621,US-WEST
5b0e39c7-e8fd-4d9f-8e9f-6c3a6053bcc3,"Moyer, Padilla and Alvarado",1294,26,28.84,2025-03-31,2027-02-13,REP-029,APAC
8c7bdab5-9630-48a6-b3bb-18089ae8c62d,"Beck, Allison and Whitney",2375,57,27.27,2025-05-12,2027-06-13,REP-682,EU
9a9d79a0-ed06-4bd9-bb97-7ad4a8898403,Alvarado-Briggs,7578,67,27.54,2025-06-11,2027-06-15,REP-704,US-WEST
9eab77da-3150-455d-bc70-2ce36507459c,Mora-Figueroa,8627,54,19.3,2025-07-12,2027-08-16,REP-080,APAC
0a0303d0-7798-46a9-8b54-9f70432f6a5d,"Sanford, Pena and Taylor",9933,66,18.09,2025-07-10,2027-01-02,REP-288,US-WEST
3d106acf-948f-4ff6-976f-03d088c608e6,"Dominguez, Mueller and Bailey",7022,36,11.01,2025-01-16,2026-09-17,REP-972,APAC
cd3056b1-f6e5-40bd-af40-2ab8784112f4,Frederick-Middleton,1705,93,17.19,2025-03-26,2027-03-02,REP-664,EU
d6bcc374-cf95-4b63-8aec-16651eb7902c,Hooper Inc,9349,17,24.11,2025-07-02,2026-11-13,REP-447,US-WEST
30f760ae-4429-4179-96e6-a2132e6461fd,"Garcia, Velasquez and Jackson",8890,81,13.32,2025-04-28,2027-07-30,REP-895,EU
3f27c24f-3e41-4bb7-9c5f-7852b207549b,"Baker, Mercado and Moore",4958,34,13.83,2025-02-27,2026-12-27,REP-434,EU
601dd4d5-ae84-49b6-b08c-2e414fe67625,Mcmillan Ltd,4850,55,17.0,2025-01-04,2027-04-08,REP-696,US-WEST
3cbedc03-336f-4cc5-8a29-7109cc611889,Foster and Sons,5493,9,15.87,2025-01-14,2027-04-22,REP-680,EU
26bce14e-47d0-43e5-912b-05899b0de07f,"Li, Washington and Campbell",692,94,17.64,2025-08-12,2026-10-20,REP-874,EU
864da239-89d9-4f6a-8a00-abc0964a0058,Shah Ltd,6532,78,6.71,2024-12-15,2027-06-08,REP-114,APAC
9158e79d-c77c-4ef8-9f3e-65d08c144931,Melendez-Lopez,2338,63,24.96,2024-09-17,2027-08-19,REP-067,US-WEST
59611d1c-e4af-4aee-b3db-8e97338b65db,Mathis-Gilbert,2818,78,5.92,2025-04-02,2026-09-29,REP-676,US-EAST
dce3e7ea-7757-408d-ac44-f4a5827310f1,Hansen Inc,6780,37,10.51,2024-12-16,2027-04-10,REP-695,US-EAST
66759c29-a5f1-449b-b688-423036c2b35b,Weber-Lutz,2442,16,16.98,2024-10-24,2027-08-15,REP-149,US-EAST
b175a117-afa7-4291-8abd-03bc1104d46a,Nguyen Inc,2832,15,21.67,2024-10-16,2026-10-09,REP-440,APAC
e3f4e9bc-30ac-478b-ad8b-fed8b7502762,Fernandez-Koch,8222,12,27.35,2025-04-10,2027-05-19,REP-109,APAC
30eff4a5-3287-46ac-8186-46fb29eeb5dd,Wood and Sons,1460,39,14.47,2025-02-03,2027-09-01,REP-468,EU
df977dc9-ad62-4ee1-9346-6a6c480ec699,Carter-Anderson,5417,89,8.14,2025-03-02,2027-08-11,REP-780,US-WEST
22e393aa-5ee1-45c2-8aef-305b636e074b,"Johnson, White and Stevens",9226,27,26.96,2025-04-03,2027-08-18,REP-775,APAC
f1baf268-d880-4b7e-aeb1-dc6be8298035,"Nichols, Floyd and Riley",7016,87,9.78,2024-12-30,2027-05-07,REP-744,EU
31e85e6c-158a-4dae-a037-3615c139f2a7,Freeman LLC,9979,54,27.44,2025-02-13,2027-08-15,REP-326,US-EAST
499ac3dd-7be6-4ea5-9534-18b5cb4d1113,Burton LLC,3317,88,14.92,2025-03-17,2027-08-17,REP-956,APAC
b8b33489-5ffa-4c0b-ae93-a4359da92dfb,Park-Hinton,6857,54,23.26,2025-05-14,2026-11-11,REP-113,APAC
2aa822c8-da39-469b-a4e5-d20af48429dc,"Howard, Pena and Hebert",9582,31,10.2,2024-12-13,2027-02-27,REP-374,APAC
12cfcf3a-18bb-4fdf-981c-5248b532fe12,"Frye, Rodriguez and Cooper",7053,1,16.46,2025-03-27,2026-12-12,REP-777,US-WEST
6460b45f-c961-46f7-8934-e7693b4035a5,"Brewer, Terry and Brown",5025,99,27.04,2025-03-06,2026-11-29,REP-296,US-EAST
52c29620-be44-450f-af33-8077b9eba7e5,Lee-Hall,7744,80,20.05,2025-06-07,2026-12-26,REP-834,US-WEST
d483199e-43af-45c9-b933-5d1c0047b540,"Gill, Mayer and Ferguson",7662,59,27.57,2024-11-06,2027-02-07,REP-951,EU
a6c2f021-6b15-4f44-83f7-9ee37aef77e9,"Brooks, Taylor and Williamson",3681,41,21.77,2025-08-07,2027-02-02,REP-414,APAC
3ffbcd4f-c1a7-44b2-b669-ae4b287b77c0,Smith-Cunningham,6993,83,10.59,2024-11-11,2027-01-19,REP-427,US-EAST
7e615be1-d0a0-4ba2-b0d6-91d2efa966e4,Lee Inc,6780,33,25.69,2025-02-24,2027-09-05,REP-659,US-WEST
a87cff77-bf1e-4e7e-b76a-9a780fe78dc2,Dudley-Thomas,8537,43,6.85,2025-06-22,2027-01-20,REP-073,APAC
30fef5d0-3f56-4249-8e06-7349369812f2,Grant and Sons,7788,60,17.45,2025-02-20,2026-11-26,REP-708,US-WEST
dfa915f7-81a5-4ba4-9b80-a824017d1a2b,Luna Ltd,8015,35,29.26,2025-07-09,2027-08-04,REP-198,APAC
947f0c06-7a2f-4571-b360-9ebaf0f1f9be,Clark LLC,5603,95,16.95,2025-02-16,2026-10-09,REP-262,EU
75ce5fa2-3a37-4571-b522-1c8adca521f7,"Serrano, Flores and Crawford",9911,84,7.03,2025-04-26,2027-08-08,REP-686,EU
6b117e86-dbf1-4252-8fea-9f3faa004764,Brown-Rodriguez,9101,92,13.31,2024-10-20,2026-11-18,REP-115,APAC
ad26db75-3de2-4712-a2b2-84969ee376f3,Salas Ltd,4242,78,18.01,2025-02-16,2026-10-26,REP-864,APAC
9ee2d538-ff5c-4f49-a13f-b595b8c526ea,Dawson LLC,9390,66,29.53,2025-05-17,2026-11-28,REP-365,EU
431e2d3c-2ce1-4fc2-8ad4-aca5a0129846,"Hammond, Martin and Rivera",5967,88,16.63,2025-01-25,2027-06-09,REP-869,US-WEST
61188abc-1395-4224-b6ec-0122be9c383e,"Pearson, Mendoza and Morales",1030,97,14.31,2025-09-03,2027-05-22,REP-432,US-WEST
8866b2da-85b9-444a-9ebd-2d81223a5af7,Barnett Group,9247,99,19.07,2024-10-17,2026-10-01,REP-671,US-EAST
90da0d55-515f-4272-aeab-5d7d9c7854d5,"Gallegos, Phillips and Clay",8887,6,15.87,2025-04-29,2027-01-07,REP-041,APAC
4b88f759-799b-4c2b-be3b-50e59c57d684,Benjamin Group,2215,21,11.25,2024-12-31,2026-10-30,REP-704,APAC
af2f92e4-713a-46f4-9d7d-b0498d99a1b1,"Gutierrez, Oliver and Steele",6235,82,17.11,2025-08-06,2026-12-02,REP-482,US-WEST
ba51f31f-5bee-4336-ae7a-f7db579e618f,"Jensen, Gibbs and Patton",8198,28,29.55,2025-08-15,2027-02-28,REP-165,US-EAST
063624ce-8c3b-40e1-928c-9c60e4c3a3d1,Pearson Inc,3377,48,9.57,2025-05-17,2027-09-01,REP-563,APAC
eee335bc-8f4e-4270-9c0e-252805c4fcca,Schultz Inc,6856,28,29.68,2024-10-02,2026-09-21,REP-463,APAC
be36180a-005f-4578-961a-222780169055,"Jones, Bennett and Davis",5957,86,8.97,2024-10-31,2027-04-21,REP-372,US-EAST
6d172738-8e25-4c7d-b0f1-dbd97dae090e,"Davis, Maxwell and Powell",2997,33,14.42,2024-10-29,2027-03-06,REP-811,APAC
52626c23-1476-455b-95a6-3bac84727948,Jensen-Miller,3349,88,25.71,2025-06-18,2027-03-09,REP-532,APAC
1af78acc-1706-41bb-9118-04187e356aad,"Rose, Oneill and Acosta",3735,83,7.28,2025-05-03,2027-01-30,REP-946,US-EAST
f94c372d-38e5-4042-a0e9-2818782eaf9f,"Phillips, Williams and Bond",5032,64,28.2,2025-05-03,2027-04-21,REP-624,US-WEST
231d376d-1747-4823-a27a-5cffc4ff62f0,Baker-Carrillo,4523,4,5.15,2025-02-14,2027-02-17,REP-108,US-EAST
425f1d24-f73f-4726-b56d-59f85b154b55,Mason-Anderson,7423,99,5.7,2024-11-12,2027-03-07,REP-772,EU
53464055-0745-4b5a-afb6-6aedeac7d7b4,"Evans, Oliver and English",8528,6,23.46,2025-01-30,2026-11-26,REP-767,US-EAST
84e3386c-6a33-45ac-a8a5-5328cc21e0d0,"Brown, Thompson and Davis",4360,4,26.15,2025-01-19,2027-04-19,REP-892,US-EAST
295764d7-f33d-4a24-8432-bd5f7eb5487c,Ryan and Sons,4021,80,9.6,2025-08-17,2026-09-22,REP-252,US-WEST
5b27eaee-5a64-473b-b98d-9125acf493e0,Berry-Huynh,8999,10,17.82,2025-01-01,2027-01-21,REP-657,US-WEST
52b2f49d-7478-4b8f-96cd-eeb98807e23b,Mills-Patton,4377,43,13.34,2024-10-14,2027-02-14,REP-665,US-WEST
cea465c1-5767-4870-a7ae-be2bfa698088,Davis Group,2690,88,8.05,2025-05-13,2027-08-02,REP-956,EU
f039662c-cd7f-4b38-9557-c09adcddd175,"Woods, Bennett and Arroyo",5569,64,9.8,2025-08-20,2027-05-14,REP-633,US-WEST
540694ee-49ad-48fc-9696-10ed5afd9d9a,Mcfarland-Duncan,9842,36,26.25,2025-08-07,2027-02-26,REP-210,EU
3b3c3dbb-8dbb-4d61-a3ad-c3b6423b3783,"Sawyer, King and White",7447,75,23.97,2025-03-23,2026-10-08,REP-063,APAC
7b388039-efa5-40b5-bad3-516acc7237ed,Mendoza Group,757,68,22.2,2024-12-29,2027-07-24,REP-114,US-EAST
5a6577df-d9be-4cd3-903b-e12b947807d2,"Payne, Barnes and Johnson",1450,78,7.93,2025-04-18,2027-02-09,REP-477,US-WEST
1e611e97-d5a2-42d1-873c-a82950b90443,"Smith, Jackson and Davis",5596,34,9.4,2025-03-23,2027-07-03,REP-426,EU
17b2430a-6a8f-4027-adb7-9706fbb06602,Kelley-Shaw,6152,94,8.59,2025-01-07,2027-06-17,REP-562,US-EAST
71c6668f-be22-48fa-b301-244f133fe30a,"Davis, Coleman and Walker",6189,43,16.32,2025-02-20,2026-09-16,REP-999,US-EAST
6f82c2f5-d5b9-4604-af03-9b1873e1abe5,Waters-Smith,2965,45,9.03,2025-02-22,2027-02-20,REP-446,US-EAST
a49a5f32-552b-4246-8c35-21591f686fd9,Lee-Miller,8158,37,11.94,2024-10-19,2027-01-02,REP-793,EU
35b2690b-ced4-4b69-949b-3ea56f0519b9,Ramos PLC,4820,21,6.43,2024-12-19,2027-09-04,REP-874,US-WEST
934e933c-711b-495e-9fc0-4e16697e66a9,Cortez Group,8299,58,14.01,2025-04-16,2026-12-12,REP-622,EU
f27db193-703d-49f6-8c9f-e3474598179f,Parker-Davis,4426,12,12.58,2024-10-10,2027-05-10,REP-872,US-EAST
d9dc4ef3-142f-4481-89af-079af67cb82d,Davis-Hays,5730,63,5.62,2025-06-04,2027-02-15,REP-857,EU
1f5aea59-9c97-4eaa-b8ba-da860f231136,Gibson and Sons,9992,18,29.49,2024-11-19,2027-03-19,REP-435,APAC
b5eb0f98-1d82-471b-a6bb-3d63b4744aba,Davis Ltd,2216,32,11.98,2025-09-09,2027-07-05,REP-317,US-WEST
ef872f81-9254-494e-af06-d60c993923f1,Gomez Group,5829,66,7.07,2025-02-27,2027-08-02,REP-489,US-WEST
416bbbe8-c28e-4551-925e-2a21425d6591,"Johnson, Lutz and Hill",6732,24,13.82,2025-04-19,2026-10-07,REP-459,EU
8b67bc4e-b1ff-42a0-8db6-cc993392356a,Harrison-Cervantes,4874,58,23.63,2025-08-25,2027-04-04,REP-422,US-WEST
a187b659-593f-4ce0-abde-b495623ad076,Gallagher-Hansen,8511,18,19.6,2025-02-25,2027-06-14,REP-740,APAC
6c07bd9f-62e6-4e89-81b0-3250f216f4c6,Nelson-Martin,2814,25,7.94,2024-11-14,2027-06-27,REP-881,US-EAST
0a570157-e0ea-46eb-a8bd-0f42040c5fca,"Gregory, Ewing and Graves",9559,98,20.58,2024-09-23,2027-07-03,REP-592,EU
2123b337-4281-4ba9-afd4-0fd152a890e0,Powell-Clark,6787,26,22.4,2025-07-20,2026-11-25,REP-593,EU
b1dc5b7a-59b8-420a-8a93-40342679861d,Ramos PLC,5528,81,15.86,2025-03-01,2027-06-18,REP-376,APAC
8b5c065d-0528-475f-986a-f992f2a69a93,Morris-Murphy,2342,45,23.31,2025-04-20,2026-12-12,REP-229,US-EAST
457fc4cd-6f3e-472e-b922-d7c8bb07e289,Adams-Tyler,2366,3,15.35,2024-11-28,2026-11-13,REP-482,US-WEST
3356a67b-3b75-4066-9ef8-1cf233bd9cf2,Holmes-Harper,8027,3,14.97,2025-09-10,2026-09-24,REP-662,US-EAST
5a951fc0-7db0-428f-b5dd-f5c198b4928b,Green-Cooke,8016,60,28.65,2024-12-26,2027-05-28,REP-888,APAC
0679790e-21e4-4725-a931-9bc4699e2e1a,"Ross, Mckay and Turner",9472,77,14.5,2025-05-12,2027-04-22,REP-506,US-WEST
82285cbe-fc35-4f0f-9b4c-721b6ef4a9e2,"Irwin, Nelson and Carter",8563,12,18.46,2025-06-06,2026-09-24,REP-711,EU
423ec92e-96cf-4b3b-bff3-f1e1566a9e0c,Flores-Wilkins,6868,95,24.54,2024-12-15,2027-01-31,REP-855,US-EAST
00f01f52-c515-47b4-a133-7059e099b9a2,Lara Ltd,6365,44,15.33,2024-11-14,2027-01-06,REP-174,US-WEST
d51f5e5a-3553-41ca-91a0-d9ed9b72f388,Wyatt Ltd,5018,30,8.54,2025-06-28,2026-12-14,REP-240,US-EAST
241f889e-edc3-4471-b087-edad4d4f7427,Brown PLC,1992,43,7.02,2025-04-26,2027-06-27,REP-025,US-WEST
568ffa98-6f10-4137-8630-f2167c64a0bb,Anderson PLC,4701,64,12.62,2025-08-22,2027-07-06,REP-152,US-EAST
1775d70b-5973-4a88-bf0b-4d319b618dae,"Hunt, Contreras and Hill",9600,10,14.18,2024-12-07,2027-07-09,REP-888,US-EAST
488e8031-98bf-45b4-962f-90cdcee158ce,"Scott, Marks and Burns",1836,96,26.88,2025-02-21,2026-12-22,REP-298,US-WEST
772124ed-c679-429a-99e1-36dcb62c2327,Stephens-Alvarez,6501,9,13.58,2025-05-15,2026-10-16,REP-569,US-EAST
0ae9d037-6fb1-4abe-9857-e742dc34ef37,Pearson Inc,6549,16,12.84,2025-08-21,2026-10-06,REP-295,US-EAST
4e0534d8-ab0b-4d88-a00f-818da6832807,"Brown, Gibbs and Rosales",2768,39,25.19,2025-07-31,2027-09-14,REP-892,APAC
26d1d62b-9019-4cf7-81e7-0f2980a705bd,"Kane, Stephens and Hogan",6897,45,28.36,2025-04-25,2027-07-02,REP-824,US-WEST
bec69d77-6f7f-4c4a-901d-8de4b490675f,Vazquez LLC,3574,90,26.48,2025-02-07,2027-03-15,REP-579,US-WEST
bc4a6999-28fe-44e8-a324-92131ceaa02b,Alvarez Inc,937,97,15.5,2024-10-06,2027-06-20,REP-111,US-WEST
c7b4eb2f-5929-4da3-b241-7c19077c03a0,"Woodward, Pierce and Webb",1274,78,8.57,2025-06-11,2026-12-02,REP-401,EU
214613c1-fafc-4c11-b06a-e9460dabb42d,Bass Group,3563,83,5.65,2025-02-14,2027-01-02,REP-036,EU
7d6f4c69-836e-469b-aa71-f01dc8da9548,Gonzales and Sons,7721,48,13.7,2025-08-02,2027-01-26,REP-944,EU
28b3f20a-d99a-4ea1-88c1-cc3fca683fec,Richardson-Jones,2357,63,23.95,2025-07-01,2027-08-09,REP-347,EU
7a84fee8-979f-4ec3-aa0b-421d64979367,"Owen, Gonzales and Martin",9990,46,7.94,2025-09-01,2026-11-13,REP-672,US-EAST
67c6e9ee-5cd8-4f8b-ae69-33cc0afc110b,White LLC,7115,18,8.01,2025-01-27,2027-05-02,REP-813,US-EAST
20e32a98-1ac5-4f96-90b4-8bb23fe37944,"Stewart, Sullivan and Humphrey",1352,47,10.57,2025-06-29,2027-07-28,REP-982,APAC
7442772b-48ef-4f2d-b2a6-f2ee026a38c2,"Cline, James and Edwards",5395,83,13.28,2025-08-30,2027-09-05,REP-335,APAC
4dd9e452-dfc3-4ea9-b8e0-43eb3c5efaa1,"Barber, Lewis and Moss",9244,12,14.16,2025-01-30,2027-01-12,REP-427,APAC
1a6c4c9c-4ce1-43bf-b08e-d2dc128aa6cb,Brown-Buck,1644,82,28.58,2024-11-25,2027-03-18,REP-716,US-EAST
35152538-8953-4a24-b1d9-d77d5eb97612,Ortiz-Rhodes,7465,36,17.72,2025-01-20,2026-11-21,REP-927,US-EAST
190cae97-38ee-4de3-ba12-118927a09ae7,Anderson-Peters,4288,99,24.92,2024-12-11,2027-07-24,REP-770,APAC
298ceae9-80c1-4fa9-92aa-e689475d524c,"Yates, Bishop and Elliott",1236,6,6.59,2025-07-22,2026-12-11,REP-516,US-WEST
55d7622b-c9fc-48af-bbc2-665f1b50125b,Nelson-White,8491,24,17.82,2025-05-22,2026-11-17,REP-065,APAC
14f629fe-dddc-428a-b136-0b3bcc9d0f99,Wallace Inc,1752,46,15.02,2024-10-22,2027-07-14,REP-066,US-WEST
eaef0a0f-0921-4aaa-b0af-f1891730712c,Foster-Morrison,1706,93,20.29,2025-04-03,2027-03-06,REP-920,US-WEST
d29d9212-d040-448a-96f9-c66c3e2bf62b,Martinez-Stewart,4360,85,17.52,2024-09-18,2027-02-09,REP-782,EU
5470c598-4ce9-4ed7-be90-54c24bbe2c20,Spence-Johnson,9027,8,10.48,2025-05-17,2027-03-08,REP-362,US-EAST
35ef53c1-4e0a-4321-a083-8bbdd30e3101,"Anderson, Henry and Moss",1945,62,5.78,2025-01-15,2026-12-30,REP-426,US-WEST
09b5d31e-46ae-4c11-ab1e-251b572079db,Williams-Zimmerman,4261,58,19.85,2024-10-26,2027-03-19,REP-638,EU
53950ae1-e60e-470d-ba0a-ac8c84832af7,Adkins Ltd,5590,70,15.02,2025-02-06,2027-06-27,REP-704,US-WEST
8d3bc7e6-c997-477d-8e4b-195bd545529f,Allen-Lewis,8793,86,27.51,2025-07-13,2027-01-27,REP-722,US-EAST
778f1f4a-96af-4b53-8825-760c28867fc6,King-Chang,5467,75,7.6,2024-12-08,2027-06-16,REP-115,US-EAST
2a6d9d82-f6f5-4860-aee2-65a71b9ead24,Kaufman Group,3383,6,26.94,2024-12-18,2027-02-11,REP-255,EU
0b345a65-235f-4626-a593-6fb509714076,"Park, Contreras and Bradshaw",3220,96,20.91,2025-06-28,2027-03-16,REP-444,US-EAST
f0c52366-93a6-44b1-a338-15e6f6c5a1f6,"Blake, Myers and Rojas",5122,1,11.71,2025-01-11,2027-05-19,REP-985,APAC
8fce4ea7-4471-40f2-a3c0-b46115c44b85,Miller-Craig,3672,100,18.36,2025-03-26,2026-11-13,REP-907,APAC
9db53117-cd21-4b84-ae7e-7a1abe813059,"Woods, Hampton and Benjamin",7589,36,28.99,2024-10-17,2027-07-16,REP-611,APAC
b1e2bc3d-24d9-4855-9d56-4a9259d458e3,Glenn and Sons,6997,40,7.33,2025-07-10,2027-09-04,REP-505,EU
f030084f-643f-4478-8a91-1b9bef7b9804,Snyder Ltd,5128,70,22.79,2025-07-29,2027-07-03,REP-128,US-EAST
1d903b91-d2ec-4638-84df-e9cfc1826bf4,"Patel, Estes and Gonzalez",2809,48,27.02,2025-03-02,2026-11-23,REP-666,EU
f918e62b-8240-4418-bf7a-17d54fa631bb,Rodriguez-Morales,8399,76,19.46,2025-03-28,2027-06-12,REP-878,US-EAST
bbf64ba5-9a89-4428-a205-9892310f1c27,"Rasmussen, Walsh and Tucker",5487,82,20.14,2024-12-04,2027-03-05,REP-907,APAC
ee28ca09-1fe4-464b-b444-cd45ce6ade6e,"Reyes, Adams and Hanson",909,20,11.33,2025-06-12,2026-09-26,REP-098,APAC
98cc05c3-e4cb-4f7f-a488-43d1ffeafc0b,"Hill, Raymond and Frank",8917,50,15.25,2025-02-08,2027-09-02,REP-188,EU
156890a7-5e2c-42a7-8e55-556e78091963,"Brown, Frye and Dudley",1165,99,20.59,2025-09-01,2027-03-27,REP-826,US-WEST
af6ef059-3b7d-4865-b17b-0fee56718ce6,"Wallace, Newman and Gonzalez",1407,20,16.92,2024-11-01,2026-10-10,REP-704,US-EAST
76d706ce-158f-4358-899d-8c34b325c65c,White-Long,6844,92,21.13,2025-06-07,2027-06-13,REP-599,US-EAST
9509efed-3a1e-4069-b779-c99d9a5302a3,"Gutierrez, Hicks and Case",6186,99,24.47,2025-07-29,2026-12-19,REP-389,US-WEST
8558642c-c18a-4848-8a05-3a99be34b1ae,Church PLC,6684,23,10.42,2025-05-06,2027-03-13,REP-570,APAC
e5125318-ed7c-418b-a48f-53a4bd438483,Park-Jensen,3121,7,23.29,2024-10-01,2027-08-01,REP-909,APAC
f263ddef-273a-42cc-8789-4429fe318a67,"Evans, Sanford and Carney",8901,5,21.33,2025-03-23,2027-05-22,REP-538,EU
8cb9956d-90a9-4f82-bf37-a7d4e94d882b,Oconnor LLC,7461,78,21.85,2025-08-25,2027-05-04,REP-237,APAC
492bd21f-a62f-4e2d-bfe8-8de5d3e2b7f5,Ferguson-Aguirre,6459,52,27.96,2025-04-10,2026-11-14,REP-545,APAC
6e1d031a-8e88-4394-b3e6-598070e85883,"White, Jackson and Singh",9777,47,9.59,2025-09-02,2026-10-17,REP-383,APAC
8b60e9a5-d5fb-4772-90f5-51c1d4ebd138,Pacheco-Gonzalez,6834,59,22.55,2025-07-28,2027-03-05,REP-108,APAC
ed2b3830-56bb-4543-8668-141bda9b1673,Phillips-Brown,2871,88,11.12,2025-07-14,2026-12-14,REP-149,EU
ce4826d4-b250-41fc-b43c-c077712f3df0,"Padilla, Harrington and Vargas",7031,39,26.71,2025-04-04,2027-02-14,REP-260,APAC
5eda5d50-0a6b-4558-8b60-2610da1441f6,"Meza, Waller and Smith",6078,22,10.07,2025-07-11,2027-07-02,REP-362,EU
fafb154e-db89-46f2-8a2a-042b8fb5e49c,"Ross, Reed and Jackson",1714,75,24.4,2025-06-16,2026-12-19,REP-505,US-EAST
2f6aaa47-1eb4-4624-ba69-546c6355e196,Dougherty-Ramos,8650,53,23.57,2025-09-11,2026-09-21,REP-781,APAC
1d1cbb38-2ee8-4ebe-918b-2cbefdb495ac,"Washington, Pratt and Harmon",2120,63,18.04,2024-10-15,2026-11-05,REP-569,US-EAST
7f30e4a9-b54b-4538-b80f-916a23f2d0c2,Crawford-Dunlap,5243,97,7.39,2025-04-19,2027-07-31,REP-243,APAC
3d8034ad-3713-46a4-b8ee-eadcf53d803e,Bean LLC,4915,78,12.8,2025-02-25,2027-05-16,REP-615,US-EAST
d4675a09-22c4-4075-bef1-1ea5d544d8e8,"Joyce, Bass and Carroll",2205,97,9.42,2025-03-12,2027-01-22,REP-009,US-WEST
eca2ae0e-5f33-4536-a437-2d6cc441dd6d,Robinson Ltd,4807,99,11.89,2025-03-13,2026-10-18,REP-737,APAC
5010d81a-fc91-4662-8fe9-a92a21850e6a,Lucas-Strong,6070,2,22.41,2025-08-28,2027-07-26,REP-409,US-EAST
0d4f1dab-53a6-4736-a789-51afc7e86820,"Kelly, Gonzales and Cherry",7982,49,7.38,2024-12-15,2027-05-13,REP-483,US-EAST
93de3a07-8db8-443a-85ad-35f7d1f978dc,Wright-Bolton,8848,96,27.71,2025-07-23,2027-05-15,REP-572,US-EAST
923bf813-9cbd-4b9e-b074-03f7f5a4c586,"Thomas, Fields and Hill",7500,11,5.98,2025-07-30,2027-08-24,REP-111,APAC
34823941-d0e1-48bd-8a91-31a049b0fb18,"Knight, Salazar and Conway",6303,4,8.75,2024-12-17,2027-03-16,REP-393,EU
6f2fe66b-d70f-4b5c-b2d1-656caf7af92a,"Byrd, Bullock and Thompson",580,34,22.03,2024-12-08,2027-05-28,REP-057,APAC
59c874b0-37d1-4db3-bd83-06c9bfdf3d48,"Lee, Garcia and Hamilton",8847,55,29.38,2025-04-24,2027-03-05,REP-197,EU
ec17e150-350d-4bce-aa72-a23d6c2ef133,Roth LLC,3635,78,5.21,2024-11-23,2026-12-26,REP-479,EU
136b9426-12c3-456f-9fa7-99e9aebfeaf0,Stephens-Walsh,8081,47,29.1,2025-03-16,2026-12-01,REP-450,US-EAST
05ed04d2-5d40-4633-a7ec-3a11a827a3b3,Keller-Wheeler,6906,26,24.91,2025-02-02,2026-11-23,REP-335,US-EAST
10e1ce8d-1302-4bc9-b882-c16b05ddbdb0,Wall-Rogers,3398,72,26.82,2024-11-08,2027-03-11,REP-120,US-WEST
ec1f2643-9911-4e0a-afca-3ed2d87c0f4b,Jones Group,8794,27,12.83,2025-04-30,2027-06-17,REP-568,US-EAST
b71f4577-7a95-48e1-a09e-2f35855de7f9,Lewis Ltd,8744,39,8.69,2024-10-15,2027-05-06,REP-887,US-WEST
bbfccaa3-ed40-485c-8118-63644864d579,Brown-Reynolds,6111,59,27.41,2024-12-02,2027-03-18,REP-909,EU
9b5a6761-8d8e-42dd-9a3c-a0ceb0910de8,Jones LLC,808,45,18.71,2025-08-15,2026-10-24,REP-466,APAC
5000db15-8ce9-4e4a-a98e-407fa8eeca48,"Garcia, Diaz and Hood",2167,75,10.27,2024-10-19,2027-05-03,REP-247,US-EAST
d745aa4f-0848-4df5-9d22-c74135c67350,Weber-Rodriguez,3785,80,15.98,2024-12-02,2026-12-31,REP-046,US-WEST
22c45431-edf3-4510-acca-2ad36c33aea3,Nelson-Miller,6615,98,26.33,2024-10-07,2027-01-08,REP-346,US-WEST
90709f5f-43b7-4063-88ba-8cb0ce6d543b,"Scott, Johnson and Smith",4649,73,9.05,2025-08-16,2026-12-12,REP-533,US-EAST
b294ae85-c6e8-41bf-af2a-f381a45eead0,Graham-Foster,5303,22,10.8,2024-11-16,2027-01-15,REP-548,US-EAST
c2374e7a-4d39-48a9-943a-ba9c7456d1e1,Ramsey-Moreno,9409,28,8.58,2025-07-23,2027-03-26,REP-098,US-EAST
9c5e0095-1290-4db5-a82a-b08451b8b8c8,"Lee, Bird and Reynolds",9830,77,20.6,2025-02-20,2027-06-24,REP-157,US-WEST
45952a0c-d2d4-4476-890c-1ff0859b51d2,"King, Harris and Thomas",1222,69,22.66,2024-10-15,2027-06-24,REP-169,APAC
8fb2b54b-4a20-4a1f-90bf-ea1a048d53a9,Fuentes-Young,1470,47,20.64,2025-03-23,2027-09-09,REP-887,EU
cb7041c0-3116-43db-b153-c05458d1f556,"Murray, Bonilla and Frye",2837,95,13.91,2025-03-23,2027-06-10,REP-793,APAC
dceb9dfb-da03-4f96-b118-ef141779e320,Torres-Roberts,784,25,18.64,2024-10-18,2027-03-30,REP-682,US-EAST
a601ba06-6116-49b2-a042-f115457ff6cd,Vasquez-Hawkins,2861,5,25.79,2024-12-28,2027-02-15,REP-131,APAC
852783c9-612d-41e7-a1f5-9eaad4d0b01d,"Lynch, Chandler and Gomez",3983,51,16.46,2024-12-04,2027-02-27,REP-090,US-WEST
344f9b25-4af8-4c08-bc72-58d6a0681571,Howard-White,3549,10,5.13,2025-06-23,2026-12-22,REP-693,US-EAST
0a62b215-d95b-4a22-b7ab-be02bbac7b6c,Williams-Park,3793,81,11.86,2025-02-05,2027-07-28,REP-098,APAC
838abdd5-4d16-435c-a814-595328da1e37,Rodriguez and Sons,8316,84,21.5,2024-12-18,2027-05-07,REP-907,EU
5cc680ab-2003-4c99-94e9-47bf85864d65,Parker Ltd,5427,51,23.9,2025-03-05,2027-08-11,REP-794,APAC
af472086-0a19-4782-a5c6-38b667802265,Torres-Turner,4218,97,6.87,2024-12-24,2026-09-23,REP-275,US-WEST
74a3e83e-a0ac-44c8-a347-899bbc2fa9d9,"Lindsey, Velazquez and Miller",5658,90,6.26,2025-06-26,2026-10-30,REP-451,US-EAST
98a56d2a-8347-4af7-92d1-2fc62db525a3,"Clark, Ochoa and Rios",6634,34,24.91,2025-02-07,2027-06-21,REP-171,APAC
faad1683-2d81-48d3-9d65-f95b024a911b,"Vang, Scott and Burns",822,97,16.28,2024-11-17,2026-10-10,REP-523,US-WEST
9d85e64c-a5c9-491c-b75e-fb813382fd95,"Haas, Dominguez and Orr",8323,5,28.16,2025-07-16,2027-07-12,REP-033,APAC
8f577092-8e43-4a02-8433-248d27161697,Gomez Inc,3599,85,7.41,2024-12-19,2026-09-26,REP-013,APAC
e9083530-9131-4e8f-855f-24d1195bb1c6,"Day, Gates and Wallace",4527,58,29.0,2025-06-08,2026-12-14,REP-108,EU
89f25507-c064-466b-ae16-50bc77d2d8cd,Miller Ltd,4476,93,12.57,2025-08-25,2027-06-04,REP-796,US-EAST
3c07aac5-a46e-4280-8f75-822985650578,Black Ltd,6024,47,10.48,2025-02-07,2027-05-12,REP-291,US-WEST
d51cb5f8-3e12-45fc-b7a4-626b6d84338a,Castillo-Shelton,6984,22,27.49,2025-09-05,2027-02-20,REP-946,US-EAST
0cc4827a-65bc-47cc-baa7-163a1a12bd15,"Patrick, Walter and Jones",2063,53,27.53,2025-07-03,2027-05-01,REP-430,EU
09c298ff-8985-44ff-b761-b9669a14ee46,Sanchez-Levine,1042,98,5.37,2025-04-02,2027-01-18,REP-768,US-EAST
b0d4b1d4-b8fb-4666-8c19-768672accd78,Caldwell-Jones,2390,55,14.16,2025-04-08,2027-04-01,REP-414,APAC
72268cce-ba3d-47a9-9bfa-a34abbd6ae8b,Avila Ltd,1774,40,18.63,2025-03-02,2026-12-08,REP-013,US-WEST
65629fff-fcba-47a6-a54c-0a621bff71b2,"Thomas, Tyler and Reyes",7251,10,24.02,2025-06-29,2027-08-04,REP-367,APAC
309ef223-1dae-40fd-9aa8-8f5ffce59c07,Sloan-Pearson,6407,84,23.77,2024-10-05,2026-10-19,REP-808,US-WEST
f4a63973-f853-46f9-8a40-a252843e91cb,"Miller, Bennett and Anderson",8482,38,20.7,2025-09-03,2027-06-30,REP-621,APAC
40c03de9-9b74-4aa3-b68d-2c02b6bbca29,Wilson PLC,4344,85,22.9,2025-05-07,2026-09-26,REP-207,US-WEST
6bb967ae-6677-4793-8bc9-41a561c65c0e,Walters-Kelly,9525,68,10.77,2025-04-01,2027-05-22,REP-054,US-EAST
94b6b3ac-e91f-41b2-ad35-cb035fca71b1,Davis LLC,7992,9,14.32,2025-06-17,2027-05-15,REP-208,EU
7d56492f-6203-463a-bd78-e0febeee1466,Good-Nelson,517,94,25.42,2025-03-01,2027-05-07,REP-752,APAC
2fa97922-be95-43b0-a2e7-505f6cf5dcce,Mccoy-Miller,7399,56,22.84,2025-08-11,2027-02-15,REP-360,US-WEST
4358c321-8dc0-4de6-a383-7b0d8c36cb65,Ward and Sons,1305,60,14.1,2025-08-15,2027-05-31,REP-352,EU
83eea14f-43de-4de5-9fd9-4e886598a692,"Garner, Rogers and Brady",5869,14,27.86,2025-01-17,2027-02-11,REP-223,US-WEST
4be5dd12-dc56-4fca-89ec-6aa9dfc77448,Hendrix-Martin,5628,68,23.12,2025-09-05,2027-03-31,REP-857,APAC
a0fa6a45-a008-49d6-b744-f3ec68479253,Gutierrez-Sloan,2982,100,25.66,2024-12-25,2026-12-30,REP-019,EU
dbbcba74-8538-425f-9422-eebb7a483180,Moore-Campbell,9301,14,16.73,2024-11-13,2027-01-14,REP-199,US-EAST
0d5d173c-9e50-4f1b-b2fb-295f2a75c0fa,"Wilson, Johnson and Ferguson",7468,39,29.21,2025-04-23,2026-10-16,REP-104,US-EAST
9394c025-ad22-43c2-a3ae-04ebe1c59b4e,Bailey-Henry,4205,98,21.84,2025-03-31,2027-08-09,REP-415,EU
8fa1afdc-a86e-40dd-a55e-ac9ba211edfd,Sanders-Oneill,7633,6,27.63,2025-05-26,2026-11-08,REP-753,APAC
9ff1a70e-6406-4316-b15b-d77a760c0480,"Phillips, Mack and Allen",5557,75,5.96,2025-03-20,2027-08-05,REP-288,APAC
1b72d25d-d2d2-4771-93f6-f02765eb4610,Rodriguez and Sons,2436,77,12.69,2024-11-29,2026-12-14,REP-069,EU
0ed4b869-7ebd-4c99-a564-1f0afe43b1b7,Norris-Reed,5740,34,27.1,2025-04-26,2027-09-01,REP-543,US-WEST
e75173fa-f09f-43f1-ba0f-44e1dff2fb1c,Watson and Sons,784,46,8.8,2024-10-18,2027-08-27,REP-511,APAC
018e15f2-7ced-4284-853b-e582073a91cf,"Simpson, Phillips and Young",1769,72,8.08,2025-04-28,2027-04-07,REP-460,EU
49d5d1a9-b627-4ec7-91a6-0402ef3f96d5,"Stevenson, Davis and Herrera",4225,80,25.27,2025-08-06,2027-05-23,REP-333,US-WEST
04b2db47-fd72-4fe0-840f-96dfc93dc699,Sanders-Mathis,4161,1,12.2,2024-10-20,2026-12-08,REP-763,EU
8f8c5ecf-b31b-460d-ba96-5fb9e302fbfa,Taylor-Russo,8813,54,26.59,2024-09-23,2027-04-17,REP-394,US-WEST
2fb88ec8-50b9-45cb-b2b8-11d3886ae383,Ford-Cooley,8098,17,16.64,2025-07-18,2027-08-27,REP-860,EU
f74089b4-b013-4db5-91ee-fd42d2cbc5a3,Olsen-Cardenas,9271,18,24.63,2025-02-17,2027-03-02,REP-822,EU
16776c7b-4aca-4c0c-bdb6-a67ce5c6c746,"Curtis, Curry and Jones",6289,19,25.01,2025-02-25,2027-03-06,REP-080,US-EAST
086e9a62-816f-4332-9867-17d15d98c983,Weaver-Mccoy,1401,2,27.46,2024-11-29,2026-09-16,REP-243,US-EAST
7a708be7-b325-4f3c-ab2f-7f648a26753f,Mayo PLC,8057,69,15.95,2025-05-16,2027-03-20,REP-927,EU
141051b3-b8b8-43f3-b919-f6930ba8ab70,Hodge and Sons,3501,68,15.42,2025-04-13,2027-08-15,REP-163,US-WEST
69b2563d-3a60-4891-873f-63efd76de7ed,"Moore, Brown and Adams",7236,81,9.67,2025-04-19,2027-01-25,REP-968,US-EAST
421f1e82-39a4-4f9b-abb5-6f83f00adfcf,Short-Gonzales,2334,99,23.01,2024-11-02,2027-04-23,REP-674,APAC
bf672972-d0a1-4fae-b932-66de8f216925,"Jefferson, Nelson and Morales",3921,99,13.74,2025-08-11,2027-04-30,REP-851,APAC
9ef4e2c1-399b-4fe4-a660-955d3bb500ae,"Olsen, Mcgrath and Clayton",7529,31,10.29,2025-01-01,2027-01-22,REP-866,US-EAST
f35e38fe-0e55-40cd-8316-fd6b3016bcca,Wells-Christensen,4756,87,7.33,2024-09-29,2027-02-13,REP-612,APAC
fd3c8654-0fa2-45ce-aa8e-103680fa40b1,"York, Park and Smith",6201,68,8.51,2024-11-13,2027-01-11,REP-470,US-WEST
b65f8758-b764-4ae4-a198-78177dc9fdbe,"Smith, Cooke and Garza",7313,97,18.3,2024-12-30,2027-08-08,REP-276,US-EAST
1bd25679-290f-4dad-ac71-a975b2b906b5,Bush-Jones,4423,69,16.18,2025-06-14,2026-10-31,REP-027,APAC
f09f8f00-3fd1-481e-8318-8620c7c175b6,Beck-Wallace,8588,19,29.89,2025-01-29,2027-01-13,REP-182,APAC
fd0968af-3488-47ba-9f9e-4d9ecffe0e1c,"Mills, Underwood and Moss",6338,13,25.41,2025-06-28,2027-01-03,REP-139,EU
626e8d68-8f25-4c5e-b42d-b9f26b5bc121,"Jones, Gallagher and Duke",9794,24,7.31,2025-06-11,2027-07-02,REP-280,US-WEST
f9cd14e6-12cc-47c9-892d-8385c1bc2eb3,Roth Group,6711,30,20.28,2025-06-27,2026-10-28,REP-368,EU
96d0e1fe-c39b-46d6-976b-e78a72b29a51,"Santiago, Williams and Douglas",4660,56,27.88,2025-02-01,2026-11-05,REP-881,EU
f609368c-caac-4916-928d-ec8652c03dab,Lester-Mercado,8715,7,16.49,2025-06-03,2027-07-24,REP-006,EU
21482012-9342-499f-a0ab-c1629a04199f,Flynn Ltd,8738,18,21.76,2025-02-28,2027-02-01,REP-889,US-EAST
ee0f7100-67f4-48fe-981b-46d2b4c00e4e,Powell-Parker,5623,29,18.81,2025-04-09,2026-10-13,REP-694,APAC
2c638655-6026-492c-b8b6-d616d9c44da0,Brown LLC,1988,76,19.67,2025-04-30,2027-02-19,REP-888,US-WEST
b1e6ce9f-0b2a-468c-bd1a-a7866cd3ccc8,Davies Ltd,3362,35,18.66,2025-03-16,2026-09-17,REP-542,US-WEST
8d3006bc-3866-42ef-97fd-2f8d8c1bb2c1,Ortiz Inc,4605,4,11.94,2024-11-21,2027-06-09,REP-754,EU
2be7a907-e38d-4b51-b25d-998f14df3d92,Winters-Arnold,5286,49,8.18,2024-12-11,2026-11-23,REP-919,US-WEST
f451b21f-a537-4c43-9556-353354a6f982,"Baker, Blake and Chapman",6760,88,10.87,2025-08-01,2026-11-21,REP-122,EU
5486087d-eeb6-4e3c-a9a9-c2bf19f4038e,"Meadows, Poole and Perez",5758,20,21.33,2024-09-17,2027-04-26,REP-737,EU
ebf864b2-3840-40e3-8ae3-c9053433c6bb,Brown-Petersen,1158,69,20.04,2024-11-10,2027-05-13,REP-459,APAC
12bce5f7-8a5a-4ca4-8dff-750b736af9a5,Delacruz Inc,4390,75,17.49,2025-06-21,2027-07-13,REP-751,EU
7a417c56-6511-4b4d-bca1-428fdf1f6ad0,Coleman and Sons,5053,15,15.66,2024-11-17,2026-11-30,REP-820,EU
7c6ff657-af08-4925-b0b5-564ddf885b9a,Price-Mendez,5238,41,6.87,2025-06-13,2027-01-07,REP-207,US-WEST
896634b7-31b5-4270-ae09-0046d0fab10f,Morgan Ltd,2912,23,19.17,2025-01-24,2027-01-02,REP-495,US-WEST
6bd365c9-bd6d-4f4c-9b72-dd18b0696c16,Santana-Manning,2350,88,10.68,2025-06-24,2027-05-19,REP-078,EU
141ea4c9-c61d-4510-adec-75be79331e13,Johnson-Craig,8002,48,13.08,2024-11-05,2027-06-25,REP-991,EU
962deab7-2fad-4176-9324-e3ce08ff48a4,Lopez Inc,2250,27,26.64,2025-03-14,2027-02-12,REP-150,EU
b6939c5c-292e-4e7f-ab9b-00bb0c7e9c89,King-Meyer,1746,12,26.87,2025-03-07,2027-06-04,REP-541,APAC
439caa28-59ff-4e0b-9ddb-b8f61e07c2b0,Juarez PLC,9085,1,19.01,2025-03-03,2026-12-07,REP-546,US-WEST
0369eb22-a971-4077-a350-b4c212875b41,Stewart-Cervantes,3892,92,11.91,2024-12-09,2027-06-18,REP-878,US-EAST
0b704cdc-0eca-4e59-8e2c-0f5d741370a2,Lloyd Ltd,6269,82,26.96,2025-03-21,2026-12-24,REP-713,US-WEST
5c9c0053-963b-4d47-87e5-bac80de37e23,Thomas and Sons,3892,76,15.98,2025-02-25,2027-04-09,REP-607,US-WEST
3a74fd00-10f3-4732-8802-aba6f0dd15e4,Williams-Ruiz,642,87,6.24,2025-01-12,2027-05-26,REP-696,US-WEST
b4c28356-7684-46f9-90f5-a4b2275c2ef3,"Brown, Johnson and Brown",9258,12,24.17,2025-03-20,2027-07-31,REP-961,US-WEST
df20420f-f8c4-4900-ae1b-fbe0db1217ae,"Middleton, Perez and Jones",8763,40,25.26,2025-06-21,2026-10-01,REP-299,APAC
8c7401e0-9d0f-4afb-ac3e-e6ffdb2ab57e,Murphy-Nelson,7976,35,21.43,2025-08-05,2027-05-31,REP-046,EU
f81cf43d-d76e-44fa-ad07-97929606a809,"Morris, Wilson and Carter",9058,8,24.93,2025-06-28,2026-09-27,REP-172,US-EAST
eeca1566-993d-44f4-bc56-f5ad35dad91b,Johnson Inc,7755,16,27.98,2024-09-28,2027-06-20,REP-683,EU
e26ad653-4bb2-4f73-ab2c-af4c6d9be835,Vargas-Pace,6679,1,28.17,2024-12-28,2027-03-19,REP-691,EU
10a64090-cf73-457b-a555-78947196e502,Hubbard-Carr,1886,76,19.32,2025-05-03,2026-10-20,REP-285,US-EAST
96b2d730-3747-4901-ba27-19d7b785c8b4,"Holt, Cherry and Bailey",1600,49,18.67,2025-03-03,2026-10-08,REP-277,EU
6148e6f4-62d2-4a3d-9fef-1400091a2691,Hartman Ltd,6222,24,12.87,2025-04-22,2027-03-29,REP-091,APAC
82f52019-b520-4d93-a309-b1722796d4d1,Ali Group,2882,1,17.2,2024-10-14,2027-07-10,REP-861,US-WEST
44e59ca0-925b-4639-aa39-040b8f8be9b5,Ferguson PLC,3146,27,17.74,2024-09-22,2027-07-29,REP-398,US-EAST
875e8172-bdaf-434f-9965-57caab21a558,Cortez Group,9555,66,21.26,2025-03-19,2027-04-05,REP-764,APAC
ca9ca619-35a3-441f-9392-13d6b8ca92f8,Dawson Group,681,36,5.29,2025-04-14,2027-01-14,REP-858,US-EAST
3caf96c3-6d4d-4fec-bf1c-ad4cf6a540e6,"Miller, Hernandez and Kelley",1085,52,29.23,2025-01-31,2027-02-04,REP-553,US-EAST
fa2183b0-e5ae-45e7-8975-ae427bf62096,Brown-Luna,7102,18,10.48,2025-05-08,2026-12-16,REP-576,EU
9c18de09-d3bd-4cce-a5c8-3df97066205c,Robinson Group,3924,53,6.12,2024-11-07,2027-04-17,REP-047,APAC
206756fa-137a-4b1f-90fc-8a3386a49089,Berry-Allen,3089,82,5.7,2025-07-11,2026-10-14,REP-130,US-EAST
1c1f2e03-356b-4a93-9c57-07ac14a96ce1,Donaldson and Sons,3743,33,22.36,2025-06-22,2027-08-26,REP-789,US-WEST
621a149e-89a6-419e-a747-d0cd120e655d,Carney Group,7030,30,13.86,2025-07-13,2027-04-13,REP-879,US-EAST
533e3c39-f4b7-457e-90b5-ac603d3201ac,Sanford PLC,8771,48,10.51,2025-08-08,2026-10-05,REP-152,EU
15f77b73-91de-4411-ab11-03a40a32c355,Mann-Martin,4452,3,18.14,2025-07-19,2026-12-26,REP-634,US-EAST
51dec33d-4d05-45dd-b798-f76e77b9cfb5,Price-Ramirez,2133,75,18.56,2025-02-16,2027-01-07,REP-452,US-EAST
62da5472-31e7-46e9-b715-1615069c0133,Morales Inc,9117,71,14.25,2024-12-26,2026-11-23,REP-688,US-WEST
3a245f91-785e-41ff-baf0-669345fb7c4b,Hamilton-Williams,2355,14,29.73,2025-09-01,2027-03-29,REP-814,US-EAST
92000456-7e17-49b7-8c5d-4fabce386688,Murray-Davis,3276,57,15.05,2025-08-22,2027-04-04,REP-823,US-EAST
c859b544-a104-4883-8ab4-2e7d27f6d74b,Cummings-Kennedy,1990,84,23.55,2025-02-08,2027-07-12,REP-379,US-EAST
6752593c-c86e-479e-9581-33cf79d5531c,Woods-Stone,5006,77,15.01,2025-07-28,2027-03-06,REP-298,US-WEST
7ba04d44-104c-43f5-9d41-dc3d802a66d2,"Garcia, Foley and Roberts",2834,52,16.17,2024-12-04,2027-08-21,REP-059,US-WEST
683083a9-f7e8-4ea6-9fb1-b5179fff292c,"Aguilar, Valenzuela and Jordan",5832,80,12.55,2025-04-13,2027-06-22,REP-773,EU
fa781892-dda4-40d7-9792-233922cdb21c,Martinez LLC,6141,58,29.64,2024-11-20,2027-06-21,REP-214,US-EAST
a3d8a5c0-535b-42ae-af84-aea009770469,"Garcia, Bates and Reyes",3263,11,24.08,2025-06-07,2026-09-23,REP-088,US-EAST
1674275c-d3d3-4d5b-bb30-61426ff23498,Schmidt-Griffith,851,14,5.56,2025-01-11,2027-06-06,REP-293,APAC
4ddfbe19-6a56-47fb-9c0e-0a9a67f8b56c,Reese-Villanueva,627,9,27.65,2025-07-28,2026-12-10,REP-604,EU
e2a9fc19-5f9c-4784-bf8d-4af4d898ae94,"Hawkins, Hernandez and Ruiz",7475,93,17.1,2025-07-26,2027-06-24,REP-898,US-EAST
083ed8e0-ef21-4939-9ecf-0883bf416473,Alvarado-Joseph,1347,78,15.78,2025-04-13,2027-04-22,REP-945,EU
f7578cd6-9650-403f-a7a5-d40198635118,"Cox, Nolan and Cantu",5910,88,20.0,2025-01-20,2027-01-13,REP-461,US-EAST
cfc6b163-bdbb-4041-a405-1cc2e5f5630e,Swanson LLC,8219,61,28.88,2024-09-29,2026-09-16,REP-592,US-EAST
9d535545-060e-4b11-b49a-dcf950fc398c,Hartman-Jones,4029,24,27.39,2024-12-12,2026-11-02,REP-744,US-WEST
78ce6523-0f0f-4eb3-a24c-48ca1aeeb497,Bridges-Kim,5264,35,9.69,2024-12-27,2026-11-21,REP-459,US-WEST
06c97d87-c46b-4c4d-aa14-5742897bcae0,"Webster, Cole and Cochran",7645,69,16.17,2024-12-06,2027-03-26,REP-688,US-WEST
f42181d2-d00f-4ad1-a021-6cb5c9b191d4,Scott LLC,1633,35,9.69,2025-02-24,2027-05-10,REP-218,US-WEST
d8fb9711-77e5-426e-b0eb-0ee32e3581d0,"Parker, Ware and Harmon",9632,30,14.74,2025-03-15,2026-11-11,REP-967,US-EAST
5de3b2c4-080d-4205-98da-cae1adf2f6ea,"Turner, Steele and Harrison",2177,90,17.94,2024-09-23,2026-12-12,REP-500,APAC
eaf65f27-27b6-4484-b787-554018ccf15f,Jones PLC,6315,86,11.13,2025-04-27,2027-06-25,REP-977,US-EAST
938b6a59-b0f4-4d61-8c05-480689a82f5d,"Decker, Herrera and Hartman",5036,83,9.23,2025-04-29,2027-02-26,REP-872,EU
c8831001-3ae0-41f6-bd4f-71037bdac2da,Zamora and Sons,6140,28,14.8,2024-10-26,2027-03-03,REP-153,APAC
8e292e12-2803-4388-b3eb-93297d55a248,Maynard and Sons,1330,46,5.99,2025-07-18,2027-05-17,REP-088,APAC
4209c8ca-7b91-4cfd-8136-2c0137d94adf,Martin Inc,1331,64,12.58,2025-09-02,2027-08-28,REP-911,APAC
a06f9914-c6ff-4596-9da2-dfb20f9ac37d,Daniels-Payne,5577,39,6.46,2025-08-01,2027-03-26,REP-384,US-WEST
2bdbe4fb-fd44-4938-a6d1-76d0e210425a,"Williams, Anderson and Sexton",3684,11,5.86,2025-07-27,2027-05-11,REP-665,US-EAST
c5a20973-3928-468b-adb9-4a8bfe50eb3a,Perry-Beard,735,40,24.88,2025-03-21,2027-01-01,REP-365,US-WEST
40b5a48c-5b82-4616-b0e6-3980bcfc03ce,"Kim, Rice and Bernard",6351,43,28.81,2025-06-01,2026-12-11,REP-020,EU
4dc5c5cd-ae95-4a1d-8fb4-13ed3fc6778e,"Mills, Brown and Hernandez",6501,74,11.1,2025-04-03,2026-11-19,REP-641,US-WEST
2e302d47-88c6-4799-9967-18ca95a7c4b6,Graham Ltd,2366,7,23.11,2024-10-05,2027-08-31,REP-826,US-WEST
7a66207f-a825-4430-8aa2-d3add746aea3,Jimenez LLC,7888,74,17.07,2024-10-01,2027-02-18,REP-781,EU
319fe3a7-5cd4-4aee-aeb2-ec356d3232e6,Lopez Inc,2694,89,22.88,2025-01-29,2027-07-31,REP-159,US-EAST
3c471a40-88bf-4ee3-a70b-a6f138b6b026,Griffin-Davis,5254,23,27.18,2025-02-19,2027-06-14,REP-168,US-EAST
c69cf24c-1714-491f-bcee-dcecc3881dbf,Mitchell PLC,792,77,18.38,2025-07-20,2026-11-05,REP-825,US-EAST
68101293-78db-4820-b1c8-c63a60b04081,Ford-Young,4371,51,23.45,2024-10-03,2026-12-13,REP-559,EU
0b646cfe-ae60-4691-8cdc-44d4ca8b561d,"Thomas, Boone and Wang",6131,66,10.89,2025-01-30,2027-08-19,REP-397,US-WEST
58af6185-22c5-452a-9051-6446f66b116a,Taylor and Sons,7626,75,5.97,2025-04-03,2026-11-09,REP-794,EU
3f5303de-d818-4e24-b9cc-9b7d292dc175,Smith and Sons,6647,92,25.84,2024-11-14,2027-06-29,REP-119,US-WEST
8084779c-5e27-4083-b5d4-5ecebef2cd1e,Little and Sons,4031,87,8.06,2025-07-25,2027-03-26,REP-430,APAC
