account_id,actual_compute_hours,actual_storage_tb,overuse_flag
28f77f87-0d00-44c1-9e17-e84213e9d522,5559.81,42.95,False
22238eae-ca03-4f1c-a44b-aaaa2a23dfd4,4232.99,66.17,False
695de833-ea2d-4733-8a71-d31832ecf880,1587.19,62.42,False
54985bea-a106-4951-a591-96546f340f29,4895.05,58.34,False
4edab2f7-119f-4e1f-a4cd-1fafe2111fda,2414.43,59.67,True
6c6ae2e1-aefe-4469-87a2-390228ed85a0,4772.58,0.69,False
b49d9a14-a374-40e3-aa6d-24afdae0a88d,4517.75,22.05,False
2ab3ca2f-4996-4dd8-9cbb-ad2037d20a36,7438.28,60.95,False
3cc8c7a1-4599-4f7f-8877-5cbe8fb7a3cd,1330.74,31.01,False
9357ca66-2877-4f9b-a94c-821e9c07b1c5,822.96,7.32,False
62c620a4-b212-4f75-9746-d05f89f297b8,1323.78,88.19,False
a442a1aa-385f-421a-86ea-e1f8836936a4,3650.19,10.01,False
71b07cfe-994a-4ddd-9c21-d0d14072b039,5849.36,5.94,False
594b82ae-3ba0-4fcf-ae9e-ac4ce531aad1,3648.74,13.19,False
5db68dcd-2593-480c-941d-d20b17cafe94,2950.83,21.53,False
da608720-c5f6-4b82-bd4c-697793c6287e,2763.71,46.9,False
ceb0c391-2d15-4d7a-afde-279509edfb9e,4430.72,63.48,False
f20ace75-494a-45c5-a7d1-b50028c0ae2b,8484.66,52.35,False
61a96795-5b75-45f1-b77e-a75e56167ffc,1056.74,1.32,False
de352e1d-44a5-4d86-8e0e-3f0abdf3a500,509.69,42.77,False
d5daadf0-4ac6-49cd-aadb-4953243d9cfc,3325.95,35.78,False
451ab3c7-8ca2-4f5e-8bd0-c48ec35ad0d1,2083.33,21.74,False
b966a444-8c91-412e-849d-4ea1aefd583e,1631.2,39.12,False
5a5108f0-4845-4178-a769-e2f331090bd5,3485.41,59.9,False
7f7aa3ed-004e-4878-9293-95c2c966a7f7,6602.83,47.11,False
37ee95e7-28ad-47b8-9d97-38bb700211ad,3506.87,41.55,False
c4e8075c-3042-44a5-b3b6-94252a7ea3d4,3991.9,55.2,False
f0f8b1d0-6f68-48f3-9e72-7e18a7bdd814,2279.23,67.58,False
99b26ecd-2b8f-4095-8a90-e19e158df0d4,3410.2,53.66,False
0469286d-b0ba-4c8e-8e1a-afdb2b35530a,2739.23,9.27,False
9700addd-05f6-4c3f-9c75-1bdae5a00f57,1950.23,49.5,False
75cd7205-c29a-466e-ab88-e984b334637b,8344.84,13.91,False
a1356948-87ba-4155-a7c2-66b0b7baf15a,514.41,25.22,False
4cd07fbd-e7b1-44bb-8f7a-9ff7bb89116f,7379.29,2.22,False
2a7c5def-7426-44f9-889a-c8c0fb65be1f,5120.02,20.0,False
f830913a-a7b6-45fd-9777-9b1a4b783365,6507.02,32.44,False
f4795e96-2bc9-422f-aeb4-fde18750ab13,4773.97,45.04,False
ab31502b-ef8a-428f-970f-51a91cefe050,5755.56,61.4,False
0f01fc5b-7f5d-48d7-9c39-f31ecdbb831f,3409.04,5.86,False
ae9ea5a5-91d1-43d0-a150-d63c61fc1b05,2549.86,44.29,False
0ec4e932-758d-4934-bce2-22d682f8757f,1219.8,67.85,False
75f23398-1451-4512-9563-4c0c25edc6bb,2273.31,37.41,False
120737c1-90b9-4efe-9002-683a8494d0c3,8054.93,82.02,False
70acbf17-1782-45cd-bf34-1ac2a9d61c08,1348.1,54.85,False
9753e34c-0d2f-4131-abfa-cc7d788807b7,744.44,82.9,False
ebd040e2-4e29-4701-8bab-30d7abe67717,3253.86,41.19,False
aa54fd58-29c4-4e69-91fd-67d2ecf814f7,5574.79,40.97,False
708489ab-d6f7-4ce5-af84-bd385321038b,7073.07,56.47,False
5162674d-fc4b-4f76-8066-a4937b6af820,3997.24,51.99,False
34cdd2d8-fcad-437c-aa1c-8506e9848551,5395.25,57.18,False
9ab38c45-d7de-4f47-8c6c-4e3d01ed23e9,2889.94,13.81,False
4c5a9271-444f-4ef5-b3af-a055c09897a4,1344.58,28.79,False
2b7bfc3e-da11-4846-b272-5e0000a07a5e,2626.26,47.88,False
92bd2d06-cfd9-4ebd-b4c9-f3b93012b545,1311.17,53.74,False
f6c1719c-1215-4232-b630-d2b24ac3d423,5186.25,59.39,True
2ed396e4-69a9-448c-b800-3156d0dae5d5,3861.25,19.14,False
c077bd22-aa87-44d2-bfc6-39d7b1c18854,4832.56,24.81,False
0c3c593b-32ee-4e42-bd43-ade1c5b8ca7a,5246.24,39.65,False
a84022d5-ecf7-4d54-954a-be1008686125,11289.48,46.15,True
cf28623a-bdc5-47c6-9366-2730d84bb560,1735.14,47.9,False
43349331-627b-4113-9f3a-d032b33b717a,381.97,47.66,False
9cdac2cb-5fda-4d9e-9810-dc5d9ba71602,3086.4,91.32,True
4c2638ab-4277-4f6c-9148-71c91677baa1,4552.47,10.43,False
329d4b04-63d5-4f21-9324-6df44ef74a88,3143.17,10.36,False
f040c6aa-dde3-444f-b5a4-d393f37dcaa4,5823.34,38.38,False
a20202b9-b0c4-4dfd-9a2f-ff727f5aedf9,7092.5,16.2,False
272e2268-cf5d-426d-ba49-0a858e147221,464.08,3.11,False
10bcb2e1-88a9-4f23-9ba3-c47181cc14b0,2901.84,2.74,False
5512ae4b-cc9c-4d6a-aa8a-31c2ecc734bd,5039.99,49.55,False
179102a6-f100-4543-9896-03f1fae5fdb6,5595.33,45.9,False
8f32c0bd-6c69-49ff-90a5-3691c667af26,6525.62,23.45,False
7bead3ea-17f4-4edc-b024-5d7abad4a2ff,3855.94,49.58,False
4a158703-d20c-4c80-a87a-c8efb3907a00,1196.16,3.8,False
ef533373-2433-4447-b4bf-e842d6bc7e04,2989.88,53.75,False
e7f9c918-2631-46a2-a74a-1f35b35877d3,3773.39,70.01,False
70b7d01e-bdcb-4eef-8674-63246f1309f1,4004.71,5.77,False
e4b02cd5-1119-4e24-8e93-3f09f988cc25,2749.96,7.94,False
53f4f60c-f1bd-476c-b7fb-7e0bdc69fb28,1636.89,44.77,False
d1fdd407-8f72-4d00-b03e-8affa616108b,2962.21,53.88,False
dcacf4bb-4d61-4c1f-9438-d2f4f98d89c7,4199.79,46.13,False
b50bead0-127d-44df-84a6-ead244183a36,666.32,2.66,False
48dbb55e-e0fd-402a-8ae0-27692b59cc82,6808.4,65.47,False
44ffd064-9add-45dc-8890-511b124a6616,4791.17,19.28,False
b3b89988-1b64-420c-94fd-a026108b8369,1450.44,1.85,False
b399e74a-9eac-4db7-9f05-71a603974d01,7409.13,65.46,True
d2301045-ee71-4d16-957b-097f2aa4bfcc,7241.26,50.88,False
ed75e4a9-9b39-487c-8ee0-cf4dedd744d7,6402.92,16.51,False
763d7cc7-860c-4b48-b79e-a0a67094a720,4095.11,65.25,False
eaae2eaa-1f34-463b-b5cf-363533cc54ef,7165.99,67.34,False
0f348db0-77a0-46e2-b7c3-7824682403be,2118.69,6.49,False
d5c22804-0a0e-4560-bf4f-a84297e96e36,6597.07,28.93,False
cd4f4dea-0eb0-4eef-9b6f-4e4cb8c96757,4370.84,9.0,False
384b9a20-ffac-4d39-93b2-194b3a7c0feb,1318.72,89.94,True
a48eaa06-81c9-4b3b-a3ae-9b71588020d8,6770.86,1.39,False
bc27c21c-f9e4-44ce-92e6-95d8aaeabd1e,7541.47,128.84,True
b54f3136-2559-4c55-8345-4b0642582e56,5392.0,39.67,False
9a5731c7-6a16-4266-be7e-732d64c695de,2647.1,33.16,False
98cc7786-a0d2-4ff5-8efa-2d6bdecb31a3,7959.03,91.31,True
4d0b3eac-f8c0-4e2b-8fa3-b6b356e27494,6243.55,67.66,False
df1ab337-fdb8-40be-9e7d-ce3d82482b72,3873.92,19.94,False
73a7a5bb-5db2-4ccc-93e0-bf2a81e51b9b,3933.42,6.54,False
d5a63c68-494e-44b1-8299-7a2023930c28,4889.95,43.07,False
122c82b3-f3d5-44f6-9596-943a98166511,2638.89,2.87,False
a3e8d2c2-48b1-4447-a73e-abc47639936c,4618.59,66.42,False
fafd1f61-f494-40ba-aac9-599e95056670,6895.15,4.96,False
48b376bf-749a-42b2-9caa-8772446ed413,11352.73,75.62,True
aa80f144-c5d6-475d-91e7-a13907af9c29,1674.83,18.46,False
f55802c0-70f1-48d1-aae7-c01fb2fbebce,2745.67,88.6,False
e656af82-aefc-47ca-9726-1b0af8df7b20,4953.44,50.03,False
5939fed1-82d9-470d-9541-5df8bbaaba1d,3517.44,10.42,False
6e158144-18f5-48bb-a617-3b88147d31ac,3302.07,42.07,False
568b94ed-af47-44f7-8517-1c0adec76bc5,887.62,38.81,False
9aa356a6-580a-42b4-b63d-d5e10a46d75b,4014.22,71.84,False
16beef75-4864-49c1-a424-e7200027a136,4513.17,43.2,False
414bb8b3-0144-45b0-a87f-756f59cb3b42,4631.49,16.19,False
e6e2e120-992b-483a-8b75-a81ffa7b466e,7213.87,34.14,False
5a003794-a4a9-4b83-b56b-189825a171cd,5380.2,67.36,True
4d2ad3b8-9e01-4a81-93ef-3017c4cea288,2769.76,21.55,False
0b8b22b2-2aa7-44c2-804c-d55d035b1de7,6263.35,15.24,False
d5bc5a13-dfdd-47f3-a960-096fd792e63f,3251.12,89.56,False
f393e4df-4b14-4bec-87c1-c1fa3c438e8b,948.05,25.24,False
d509602a-f7cf-4386-b61e-15927161e968,5448.14,67.33,False
2a2e10c4-8909-4d93-8597-2044284a8b7b,3935.97,48.06,False
469b58c7-2497-49a8-a06b-4a4490c4bd42,3976.24,6.73,False
a394e668-127e-45af-b1ad-aa87176944b5,4077.78,41.57,False
dd1f1703-03e5-4ee0-b1f3-ce3499b1e8fb,7898.66,24.64,False
143da9a8-cf16-42c0-b0c3-be357371b137,3440.89,49.25,False
ace3e23d-21f8-410f-ba7b-b866cc34bd52,1798.94,40.57,False
7de874e1-604c-4ff2-893c-e35d8c65aa8d,6189.69,88.65,False
3e465ffa-b17a-4f8e-9ec4-8b61c169382c,5740.67,71.66,False
3390bc12-f1d8-4c9d-9540-e778453521fe,10041.11,64.79,True
cccbce03-11ec-4dc3-9246-da270b23bf8b,4525.95,42.79,False
3bbd1d41-49ff-4945-8842-011f1f46a743,803.47,62.77,True
5cd2bd0d-9d19-4215-8760-ce006d1ddf3c,4413.5,88.42,False
490d4448-f4fe-4aa5-878d-743f9c132381,2985.69,43.44,False
ef5cd8d0-3326-4feb-a08a-dadd7cb9ba55,5413.41,14.63,False
0231e543-a8af-4a2e-b69c-21ace19a2dc5,1352.36,4.06,False
5488426e-6833-4b68-9a40-e3132b65b619,1872.94,32.95,False
49a02f79-afe8-4d7f-aec4-bdf462defe64,2037.37,29.38,False
6bf05c97-0218-4f83-80ab-a6000fea732f,1480.89,24.05,False
4cefda5a-4c19-4a49-aab8-981cbc3a69ad,3621.68,67.53,False
a94cedea-ce00-4e7d-9c35-5e047c64f261,5025.72,34.89,False
e550e099-8a33-4d97-9e6a-aa47e8a64817,6911.11,26.57,False
9f952be4-9bd7-43ac-9d16-895f06985dfc,2430.75,5.83,False
8ba8e3ff-3087-4f48-b241-2a3a0fdba7f2,2647.98,18.98,True
3d8eced4-76cb-402b-b7da-1b08fdeccbd0,2538.54,35.48,False
c69bff94-2f84-49f7-a288-37cc08469cf7,2907.87,39.8,True
690c3a55-1acb-477e-9035-e4f3b713a820,5623.46,28.18,False
aa9a8577-d29e-49db-a4c5-b140503c4a08,2175.46,64.06,True
1b333a1f-2a51-48f7-8f70-4702b79bf3c3,5663.07,74.48,False
b473e659-1788-49ce-a26e-42b769feb62a,580.75,21.13,False
7ca9e33a-dac6-4dc8-9c42-289d916a6c4c,2998.23,48.07,False
c4db7024-4a99-49d4-a56d-c78789d570fd,995.59,102.86,True
bf449003-45a7-44b5-80c6-caaf4bd9fa1a,5855.04,42.1,False
50b69157-bde3-47fb-a749-0acab65e76e1,7181.38,42.38,False
5e62c281-aec5-48f0-bbaa-e34928d4a427,6101.07,20.61,False
541098f3-7378-4396-9a09-27b82f12c4a2,4274.7,21.65,False
4bacca6a-697a-4850-949b-45273ecd1f9e,4304.98,6.71,False
ccd2a365-b724-46bf-b04e-b69931be383e,3737.13,78.78,False
7c64f9db-3b4c-4d47-b592-8ee11e7466b7,3192.19,16.98,False
57450ac2-283d-48ed-ba16-0e098d2311b2,7045.94,12.0,False
5b0e39c7-e8fd-4d9f-8e9f-6c3a6053bcc3,980.29,19.7,False
8c7bdab5-9630-48a6-b3bb-18089ae8c62d,1681.32,40.35,False
9a9d79a0-ed06-4bd9-bb97-7ad4a8898403,4547.18,40.2,False
9eab77da-3150-455d-bc70-2ce36507459c,7405.75,46.36,False
0a0303d0-7798-46a9-8b54-9f70432f6a5d,9241.98,61.41,False
3d106acf-948f-4ff6-976f-03d088c608e6,3874.5,19.86,False
cd3056b1-f6e5-40bd-af40-2ab8784112f4,1231.44,67.17,False
d6bcc374-cf95-4b63-8aec-16651eb7902c,7022.67,12.77,False
30f760ae-4429-4179-96e6-a2132e6461fd,6478.67,59.03,False
3f27c24f-3e41-4bb7-9c5f-7852b207549b,4058.52,27.83,False
601dd4d5-ae84-49b6-b08c-2e414fe67625,2640.51,29.94,False
3cbedc03-336f-4cc5-8a29-7109cc611889,6751.92,11.06,True
26bce14e-47d0-43e5-912b-05899b0de07f,376.94,51.2,False
864da239-89d9-4f6a-8a00-abc0964a0058,3602.19,43.01,False
9158e79d-c77c-4ef8-9f3e-65d08c144931,2703.97,72.86,True
59611d1c-e4af-4aee-b3db-8e97338b65db,2557.12,70.78,False
dce3e7ea-7757-408d-ac44-f4a5827310f1,6389.29,34.87,False
66759c29-a5f1-449b-b688-423036c2b35b,2118.23,13.88,False
b175a117-afa7-4291-8abd-03bc1104d46a,4085.1,21.64,True
e3f4e9bc-30ac-478b-ad8b-fed8b7502762,6595.39,9.63,False
30eff4a5-3287-46ac-8186-46fb29eeb5dd,1035.27,27.65,False
df977dc9-ad62-4ee1-9346-6a6c480ec699,3198.97,52.56,False
22e393aa-5ee1-45c2-8aef-305b636e074b,7066.8,20.68,False
f1baf268-d880-4b7e-aeb1-dc6be8298035,4365.6,54.13,False
31e85e6c-158a-4dae-a037-3615c139f2a7,6253.02,33.84,False
499ac3dd-7be6-4ea5-9534-18b5cb4d1113,2590.19,68.72,False
b8b33489-5ffa-4c0b-ae93-a4359da92dfb,4838.35,38.1,False
2aa822c8-da39-469b-a4e5-d20af48429dc,13968.99,45.19,True
12cfcf3a-18bb-4fdf-981c-5248b532fe12,3802.11,0.54,False
6460b45f-c961-46f7-8934-e7693b4035a5,4700.16,92.6,False
52c29620-be44-450f-af33-8077b9eba7e5,4794.31,49.53,False
d483199e-43af-45c9-b933-5d1c0047b540,8759.39,67.45,True
a6c2f021-6b15-4f44-83f7-9ee37aef77e9,3324.12,37.02,False
3ffbcd4f-c1a7-44b2-b669-ae4b287b77c0,3690.45,43.8,False
7e615be1-d0a0-4ba2-b0d6-91d2efa966e4,5007.5,24.37,False
a87cff77-bf1e-4e7e-b76a-9a780fe78dc2,11951.24,60.2,True
30fef5d0-3f56-4249-8e06-7349369812f2,7329.59,56.47,False
dfa915f7-81a5-4ba4-9b80-a824017d1a2b,5366.07,23.43,False
947f0c06-7a2f-4571-b360-9ebaf0f1f9be,2911.0,49.36,False
75ce5fa2-3a37-4571-b522-1c8adca521f7,8188.43,69.4,False
6b117e86-dbf1-4252-8fea-9f3faa004764,5168.03,52.24,False
ad26db75-3de2-4712-a2b2-84969ee376f3,3711.31,68.24,False
9ee2d538-ff5c-4f49-a13f-b595b8c526ea,7749.91,54.47,False
431e2d3c-2ce1-4fc2-8ad4-aca5a0129846,3355.06,49.48,False
61188abc-1395-4224-b6ec-0122be9c383e,1261.98,118.85,True
8866b2da-85b9-444a-9ebd-2d81223a5af7,5287.36,56.61,False
90da0d55-515f-4272-aeab-5d7d9c7854d5,7312.94,4.94,False
4b88f759-799b-4c2b-be3b-50e59c57d684,1904.45,18.06,False
af2f92e4-713a-46f4-9d7d-b0498d99a1b1,5232.64,68.82,False
ba51f31f-5bee-4336-ae7a-f7db579e618f,6535.43,22.32,False
063624ce-8c3b-40e1-928c-9c60e4c3a3d1,1741.63,24.76,False
eee335bc-8f4e-4270-9c0e-252805c4fcca,3976.99,16.24,False
be36180a-005f-4578-961a-222780169055,4507.46,65.07,False
6d172738-8e25-4c7d-b0f1-dbd97dae090e,2784.08,30.66,False
52626c23-1476-455b-95a6-3bac84727948,4807.91,126.34,True
1af78acc-1706-41bb-9118-04187e356aad,2225.0,49.44,False
f94c372d-38e5-4042-a0e9-2818782eaf9f,3487.44,44.36,False
231d376d-1747-4823-a27a-5cffc4ff62f0,3593.7,3.18,False
425f1d24-f73f-4726-b56d-59f85b154b55,9985.81,133.18,True
53464055-0745-4b5a-afb6-6aedeac7d7b4,12787.53,9.0,True
84e3386c-6a33-45ac-a8a5-5328cc21e0d0,2873.89,2.64,False
295764d7-f33d-4a24-8432-bd5f7eb5487c,4454.31,88.62,True
5b27eaee-5a64-473b-b98d-9125acf493e0,12904.35,14.34,True
52b2f49d-7478-4b8f-96cd-eeb98807e23b,2825.51,27.76,False
cea465c1-5767-4870-a7ae-be2bfa698088,3882.54,127.01,True
f039662c-cd7f-4b38-9557-c09adcddd175,3442.05,39.56,False
540694ee-49ad-48fc-9696-10ed5afd9d9a,6188.31,22.64,False
3b3c3dbb-8dbb-4d61-a3ad-c3b6423b3783,3922.19,39.5,False
7b388039-efa5-40b5-bad3-516acc7237ed,524.57,47.12,False
5a6577df-d9be-4cd3-903b-e12b947807d2,930.6,50.06,False
1e611e97-d5a2-42d1-873c-a82950b90443,4276.96,25.99,False
17b2430a-6a8f-4027-adb7-9706fbb06602,7553.57,115.42,True
71c6668f-be22-48fa-b301-244f133fe30a,8685.86,60.35,True
6f82c2f5-d5b9-4604-af03-9b1873e1abe5,1781.96,27.04,False
a49a5f32-552b-4246-8c35-21591f686fd9,6369.72,28.89,False
35b2690b-ced4-4b69-949b-3ea56f0519b9,6143.25,26.77,True
934e933c-711b-495e-9fc0-4e16697e66a9,5026.63,35.13,False
f27db193-703d-49f6-8c9f-e3474598179f,2304.99,6.25,False
d9dc4ef3-142f-4481-89af-079af67cb82d,4091.62,44.99,False
1f5aea59-9c97-4eaa-b8ba-da860f231136,13532.26,24.38,True
b5eb0f98-1d82-471b-a6bb-3d63b4744aba,2556.91,36.92,True
ef872f81-9254-494e-af06-d60c993923f1,4715.47,53.39,False
416bbbe8-c28e-4551-925e-2a21425d6591,5656.02,20.16,False
8b67bc4e-b1ff-42a0-8db6-cc993392356a,3092.91,36.81,False
a187b659-593f-4ce0-abde-b495623ad076,4347.29,9.19,False
6c07bd9f-62e6-4e89-81b0-3250f216f4c6,2625.97,23.33,False
0a570157-e0ea-46eb-a8bd-0f42040c5fca,7923.29,81.23,False
2123b337-4281-4ba9-afd4-0fd152a890e0,5501.18,21.07,False
b1dc5b7a-59b8-420a-8a93-40342679861d,2921.28,42.8,False
8b5c065d-0528-475f-986a-f992f2a69a93,3030.73,58.23,True
457fc4cd-6f3e-472e-b922-d7c8bb07e289,2000.68,2.54,False
3356a67b-3b75-4066-9ef8-1cf233bd9cf2,7505.17,2.8,False
5a951fc0-7db0-428f-b5dd-f5c198b4928b,6245.63,46.75,False
0679790e-21e4-4725-a931-9bc4699e2e1a,13932.54,113.26,True
82285cbe-fc35-4f0f-9b4c-721b6ef4a9e2,7832.35,10.98,False
423ec92e-96cf-4b3b-bff3-f1e1566a9e0c,3599.98,49.8,False
00f01f52-c515-47b4-a133-7059e099b9a2,5027.97,34.76,False
d51f5e5a-3553-41ca-91a0-d9ed9b72f388,4339.79,25.95,False
241f889e-edc3-4471-b087-edad4d4f7427,1378.45,29.76,False
568ffa98-6f10-4137-8630-f2167c64a0bb,3272.66,44.55,False
1775d70b-5973-4a88-bf0b-4d319b618dae,5397.66,5.62,False
488e8031-98bf-45b4-962f-90cdcee158ce,985.5,51.53,False
772124ed-c679-429a-99e1-36dcb62c2327,4038.39,5.59,False
0ae9d037-6fb1-4abe-9857-e742dc34ef37,5617.51,13.72,False
4e0534d8-ab0b-4d88-a00f-818da6832807,1519.4,21.41,False
26d1d62b-9019-4cf7-81e7-0f2980a705bd,4347.49,28.37,False
bec69d77-6f7f-4c4a-901d-8de4b490675f,4060.58,102.25,True
bc4a6999-28fe-44e8-a324-92131ceaa02b,743.26,76.94,False
c7b4eb2f-5929-4da3-b241-7c19077c03a0,1150.7,70.45,False
214613c1-fafc-4c11-b06a-e9460dabb42d,3091.14,72.01,False
7d6f4c69-836e-469b-aa71-f01dc8da9548,5662.81,35.2,False
28b3f20a-d99a-4ea1-88c1-cc3fca683fec,2002.03,53.51,False
7a84fee8-979f-4ec3-aa0b-421d64979367,8892.16,40.94,False
67c6e9ee-5cd8-4f8b-ae69-33cc0afc110b,10607.48,26.84,True
20e32a98-1ac5-4f96-90b4-8bb23fe37944,1538.79,53.49,True
7442772b-48ef-4f2d-b2a6-f2ee026a38c2,4435.26,68.23,False
4dd9e452-dfc3-4ea9-b8e0-43eb3c5efaa1,8063.62,10.47,False
1a6c4c9c-4ce1-43bf-b08e-d2dc128aa6cb,1859.18,92.73,True
35152538-8953-4a24-b1d9-d77d5eb97612,9793.23,47.23,True
190cae97-38ee-4de3-ba12-118927a09ae7,3056.17,70.56,False
298ceae9-80c1-4fa9-92aa-e689475d524c,1105.8,5.37,False
55d7622b-c9fc-48af-bbc2-665f1b50125b,5060.57,14.3,False
14f629fe-dddc-428a-b136-0b3bcc9d0f99,1321.21,34.69,False
eaef0a0f-0921-4aaa-b0af-f1891730712c,898.32,48.97,False
d29d9212-d040-448a-96f9-c66c3e2bf62b,3729.55,72.71,False
5470c598-4ce9-4ed7-be90-54c24bbe2c20,5486.29,4.86,False
35ef53c1-4e0a-4321-a083-8bbdd30e3101,1202.65,38.34,False
09b5d31e-46ae-4c11-ab1e-251b572079db,3438.64,46.81,False
53950ae1-e60e-470d-ba0a-ac8c84832af7,3467.59,43.42,False
8d3bc7e6-c997-477d-8e4b-195bd545529f,8028.89,78.53,False
778f1f4a-96af-4b53-8825-760c28867fc6,4162.14,57.1,False
2a6d9d82-f6f5-4860-aee2-65a71b9ead24,4413.17,7.83,True
0b345a65-235f-4626-a593-6fb509714076,2876.01,85.74,False
f0c52366-93a6-44b1-a338-15e6f6c5a1f6,2973.66,0.58,False
8fce4ea7-4471-40f2-a3c0-b46115c44b85,2183.73,59.47,False
9db53117-cd21-4b84-ae7e-7a1abe813059,3811.4,18.08,False
b1e2bc3d-24d9-4855-9d56-4a9259d458e3,6232.67,35.63,False
f030084f-643f-4478-8a91-1b9bef7b9804,3774.41,51.52,False
1d903b91-d2ec-4638-84df-e9cfc1826bf4,1651.04,28.21,False
f918e62b-8240-4418-bf7a-17d54fa631bb,7049.6,63.79,False
bbf64ba5-9a89-4428-a205-9892310f1c27,2895.43,43.27,False
ee28ca09-1fe4-464b-b444-cd45ce6ade6e,628.43,13.83,False
98cc05c3-e4cb-4f7f-a488-43d1ffeafc0b,5034.19,28.23,False
156890a7-5e2c-42a7-8e55-556e78091963,983.33,83.56,False
af6ef059-3b7d-4865-b17b-0fee56718ce6,1170.63,16.64,False
76d706ce-158f-4358-899d-8c34b325c65c,7528.97,101.21,True
9509efed-3a1e-4069-b779-c99d9a5302a3,3567.05,57.09,False
8558642c-c18a-4848-8a05-3a99be34b1ae,5746.72,19.77,False
e5125318-ed7c-418b-a48f-53a4bd438483,2133.65,4.79,False
f263ddef-273a-42cc-8789-4429fe318a67,7695.18,4.32,False
8cb9956d-90a9-4f82-bf37-a7d4e94d882b,6579.92,68.79,False
492bd21f-a62f-4e2d-bfe8-8de5d3e2b7f5,5935.11,47.78,False
6e1d031a-8e88-4394-b3e6-598070e85883,11575.22,55.64,True
8b60e9a5-d5fb-4772-90f5-51c1d4ebd138,5879.68,50.76,False
ed2b3830-56bb-4543-8668-141bda9b1673,2332.27,71.49,False
ce4826d4-b250-41fc-b43c-c077712f3df0,9863.48,54.71,True
5eda5d50-0a6b-4558-8b60-2610da1441f6,5736.66,20.76,False
fafb154e-db89-46f2-8a2a-042b8fb5e49c,1372.99,60.08,False
2f6aaa47-1eb4-4624-ba69-546c6355e196,5273.91,32.31,False
1d1cbb38-2ee8-4ebe-918b-2cbefdb495ac,1311.66,38.98,False
7f30e4a9-b54b-4538-b80f-916a23f2d0c2,3024.91,55.96,False
3d8034ad-3713-46a4-b8ee-eadcf53d803e,3531.53,56.04,False
d4675a09-22c4-4075-bef1-1ea5d544d8e8,1148.91,50.54,False
eca2ae0e-5f33-4536-a437-2d6cc441dd6d,2673.1,55.05,False
5010d81a-fc91-4662-8fe9-a92a21850e6a,4952.38,1.63,False
0d4f1dab-53a6-4736-a789-51afc7e86820,6999.67,42.97,False
93de3a07-8db8-443a-85ad-35f7d1f978dc,6133.99,66.55,False
923bf813-9cbd-4b9e-b074-03f7f5a4c586,9155.29,13.43,True
34823941-d0e1-48bd-8a91-31a049b0fb18,3198.51,2.03,False
6f2fe66b-d70f-4b5c-b2d1-656caf7af92a,353.59,20.73,False
59c874b0-37d1-4db3-bd83-06c9bfdf3d48,4986.34,31.0,False
ec17e150-350d-4bce-aa72-a23d6c2ef133,2394.67,51.39,False
136b9426-12c3-456f-9fa7-99e9aebfeaf0,5167.21,30.05,False
05ed04d2-5d40-4633-a7ec-3a11a827a3b3,10002.42,37.66,True
10e1ce8d-1302-4bc9-b882-c16b05ddbdb0,2152.24,45.6,False
ec1f2643-9911-4e0a-afca-3ed2d87c0f4b,7654.25,23.5,False
b71f4577-7a95-48e1-a09e-2f35855de7f9,6981.23,31.14,False
bbfccaa3-ed40-485c-8118-63644864d579,3690.69,35.63,False
9b5a6761-8d8e-42dd-9a3c-a0ceb0910de8,517.95,28.85,False
5000db15-8ce9-4e4a-a98e-407fa8eeca48,2526.08,87.43,True
d745aa4f-0848-4df5-9d22-c74135c67350,3572.31,75.5,False
22c45431-edf3-4510-acca-2ad36c33aea3,4306.7,63.8,False
90709f5f-43b7-4063-88ba-8cb0ce6d543b,3800.76,59.68,False
b294ae85-c6e8-41bf-af2a-f381a45eead0,3980.09,16.51,False
c2374e7a-4d39-48a9-943a-ba9c7456d1e1,11368.98,33.83,True
9c5e0095-1290-4db5-a82a-b08451b8b8c8,7358.22,57.64,False
45952a0c-d2d4-4476-890c-1ff0859b51d2,1094.24,61.79,False
8fb2b54b-4a20-4a1f-90bf-ea1a048d53a9,2004.08,64.08,True
cb7041c0-3116-43db-b153-c05458d1f556,2647.39,88.65,False
dceb9dfb-da03-4f96-b118-ef141779e320,919.46,29.32,True
a601ba06-6116-49b2-a042-f115457ff6cd,2626.0,4.59,False
852783c9-612d-41e7-a1f5-9eaad4d0b01d,3368.33,43.13,False
344f9b25-4af8-4c08-bc72-58d6a0681571,2980.75,8.4,False
0a62b215-d95b-4a22-b7ab-be02bbac7b6c,2099.99,44.85,False
838abdd5-4d16-435c-a814-595328da1e37,7538.06,76.14,False
5cc680ab-2003-4c99-94e9-47bf85864d65,3639.93,34.21,False
af472086-0a19-4782-a5c6-38b667802265,2111.66,48.56,False
74a3e83e-a0ac-44c8-a347-899bbc2fa9d9,4531.54,72.08,False
98a56d2a-8347-4af7-92d1-2fc62db525a3,6102.25,31.27,False
faad1683-2d81-48d3-9d65-f95b024a911b,683.75,80.69,False
9d85e64c-a5c9-491c-b75e-fb813382fd95,4701.69,2.82,False
8f577092-8e43-4a02-8433-248d27161697,3372.59,79.65,False
e9083530-9131-4e8f-855f-24d1195bb1c6,3097.37,39.68,False
89f25507-c064-466b-ae16-50bc77d2d8cd,5290.16,109.92,True
3c07aac5-a46e-4280-8f75-822985650578,3195.54,24.93,False
d51cb5f8-3e12-45fc-b7a4-626b6d84338a,3731.4,11.75,False
0cc4827a-65bc-47cc-baa7-163a1a12bd15,1099.07,28.24,False
09c298ff-8985-44ff-b761-b9669a14ee46,775.67,72.95,False
b0d4b1d4-b8fb-4666-8c19-768672accd78,2236.24,51.46,False
72268cce-ba3d-47a9-9bfa-a34abbd6ae8b,1074.09,24.22,False
65629fff-fcba-47a6-a54c-0a621bff71b2,5979.05,8.25,False
309ef223-1dae-40fd-9aa8-8f5ffce59c07,3206.76,42.04,False
f4a63973-f853-46f9-8a40-a252843e91cb,6548.42,29.34,False
40c03de9-9b74-4aa3-b68d-2c02b6bbca29,3304.75,64.66,False
6bb967ae-6677-4793-8bc9-41a561c65c0e,5894.45,42.08,False
94b6b3ac-e91f-41b2-ad35-cb035fca71b1,5338.88,6.01,False
7d56492f-6203-463a-bd78-e0febeee1466,380.72,69.22,False
2fa97922-be95-43b0-a2e7-505f6cf5dcce,5193.46,39.31,False
4358c321-8dc0-4de6-a383-7b0d8c36cb65,1930.95,88.78,True
83eea14f-43de-4de5-9fd9-4e886598a692,4594.09,10.96,False
4be5dd12-dc56-4fca-89ec-6aa9dfc77448,3541.39,42.79,False
a0fa6a45-a008-49d6-b744-f3ec68479253,2267.17,76.03,False
dbbcba74-8538-425f-9422-eebb7a483180,7915.06,11.91,False
0d5d173c-9e50-4f1b-b2fb-295f2a75c0fa,5434.78,28.38,False
9394c025-ad22-43c2-a3ae-04ebe1c59b4e,5477.95,127.67,True
8fa1afdc-a86e-40dd-a55e-ac9ba211edfd,6706.55,5.27,False
9ff1a70e-6406-4316-b15b-d77a760c0480,3791.92,51.18,False
1b72d25d-d2d2-4771-93f6-f02765eb4610,1702.91,53.83,False
0ed4b869-7ebd-4c99-a564-1f0afe43b1b7,3201.34,18.96,False
e75173fa-f09f-43f1-ba0f-44e1dff2fb1c,541.61,31.78,False
018e15f2-7ced-4284-853b-e582073a91cf,991.34,40.35,False
49d5d1a9-b627-4ec7-91a6-0402ef3f96d5,3167.04,59.97,False
04b2db47-fd72-4fe0-840f-96dfc93dc699,3012.79,0.72,False
8f8c5ecf-b31b-460d-ba96-5fb9e302fbfa,7310.23,44.79,False
2fb88ec8-50b9-45cb-b2b8-11d3886ae383,9014.93,18.92,True
f74089b4-b013-4db5-91ee-fd42d2cbc5a3,5370.7,10.43,False
16776c7b-4aca-4c0c-bdb6-a67ce5c6c746,4484.45,13.55,False
086e9a62-816f-4332-9867-17d15d98c983,1152.82,1.65,False
7a708be7-b325-4f3c-ab2f-7f648a26753f,7472.34,63.99,False
141051b3-b8b8-43f3-b919-f6930ba8ab70,5088.63,98.84,True
69b2563d-3a60-4891-873f-63efd76de7ed,4866.32,54.47,False
421f1e82-39a4-4f9b-abb5-6f83f00adfcf,1517.42,64.36,False
bf672972-d0a1-4fae-b932-66de8f216925,4962.86,125.31,True
9ef4e2c1-399b-4fe4-a660-955d3bb500ae,4447.26,18.31,False
f35e38fe-0e55-40cd-8316-fd6b3016bcca,3068.93,56.14,False
fd3c8654-0fa2-45ce-aa8e-103680fa40b1,3462.98,37.97,False
b65f8758-b764-4ae4-a198-78177dc9fdbe,5403.03,71.67,False
1bd25679-290f-4dad-ac71-a975b2b906b5,3834.61,59.82,False
f09f8f00-3fd1-481e-8318-8620c7c175b6,6574.14,14.54,False
fd0968af-3488-47ba-9f9e-4d9ecffe0e1c,9348.09,19.17,True
626e8d68-8f25-4c5e-b42d-b9f26b5bc121,8238.8,20.19,False
f9cd14e6-12cc-47c9-892d-8385c1bc2eb3,6316.37,28.24,False
96d0e1fe-c39b-46d6-976b-e78a72b29a51,4106.48,49.35,False
f609368c-caac-4916-928d-ec8652c03dab,10513.81,8.44,True
21482012-9342-499f-a0ab-c1629a04199f,5266.05,10.85,False
ee0f7100-67f4-48fe-981b-46d2b4c00e4e,2895.12,14.93,False
2c638655-6026-492c-b8b6-d616d9c44da0,1715.31,65.58,False
b1e6ce9f-0b2a-468c-bd1a-a7866cd3ccc8,2613.02,27.2,False
8d3006bc-3866-42ef-97fd-2f8d8c1bb2c1,2945.49,2.56,False
2be7a907-e38d-4b51-b25d-998f14df3d92,3197.2,29.64,False
f451b21f-a537-4c43-9556-353354a6f982,9598.06,124.95,True
5486087d-eeb6-4e3c-a9a9-c2bf19f4038e,3345.49,11.62,False
ebf864b2-3840-40e3-8ae3-c9053433c6bb,674.27,40.18,False
12bce5f7-8a5a-4ca4-8dff-750b736af9a5,2742.44,46.85,False
7a417c56-6511-4b4d-bca1-428fdf1f6ad0,2558.99,7.6,False
7c6ff657-af08-4925-b0b5-564ddf885b9a,4385.77,34.33,False
896634b7-31b5-4270-ae09-0046d0fab10f,2023.05,15.98,False
6bd365c9-bd6d-4f4c-9b72-dd18b0696c16,1413.81,52.94,False
141ea4c9-c61d-4510-adec-75be79331e13,5402.29,32.41,False
962deab7-2fad-4176-9324-e3ce08ff48a4,1551.48,18.62,False
b6939c5c-292e-4e7f-ab9b-00bb0c7e9c89,1611.67,11.08,False
439caa28-59ff-4e0b-9ddb-b8f61e07c2b0,5722.74,0.63,False
0369eb22-a971-4077-a350-b4c212875b41,3321.51,78.51,False
0b704cdc-0eca-4e59-8e2c-0f5d741370a2,7329.79,95.88,True
5c9c0053-963b-4d47-87e5-bac80de37e23,2739.79,53.5,False
3a74fd00-10f3-4732-8802-aba6f0dd15e4,552.31,74.85,False
b4c28356-7684-46f9-90f5-a4b2275c2ef3,7910.8,10.25,False
df20420f-f8c4-4900-ae1b-fbe0db1217ae,11249.27,51.35,True
8c7401e0-9d0f-4afb-ac3e-e6ffdb2ab57e,11241.29,49.33,True
f81cf43d-d76e-44fa-ad07-97929606a809,5455.91,4.82,False
eeca1566-993d-44f4-bc56-f5ad35dad91b,6384.45,13.17,False
e26ad653-4bb2-4f73-ab2c-af4c6d9be835,4123.82,0.62,False
10a64090-cf73-457b-a555-78947196e502,1654.89,66.69,False
96b2d730-3747-4901-ba27-19d7b785c8b4,1496.09,45.82,False
6148e6f4-62d2-4a3d-9fef-1400091a2691,5608.12,21.63,False
82f52019-b520-4d93-a309-b1722796d4d1,1642.38,0.57,False
44e59ca0-925b-4639-aa39-040b8f8be9b5,2692.48,23.11,False
875e8172-bdaf-434f-9965-57caab21a558,8777.29,60.63,False
ca9ca619-35a3-441f-9392-13d6b8ca92f8,944.81,49.95,True
3caf96c3-6d4d-4fec-bf1c-ad4cf6a540e6,713.61,34.2,False
fa2183b0-e5ae-45e7-8975-ae427bf62096,5832.24,14.78,False
9c18de09-d3bd-4cce-a5c8-3df97066205c,3466.46,46.82,False
206756fa-137a-4b1f-90fc-8a3386a49089,2536.04,67.32,False
1c1f2e03-356b-4a93-9c57-07ac14a96ce1,2677.88,23.61,False
621a149e-89a6-419e-a747-d0cd120e655d,5015.48,21.4,False
533e3c39-f4b7-457e-90b5-ac603d3201ac,6839.87,37.43,False
15f77b73-91de-4411-ab11-03a40a32c355,2918.02,1.97,False
51dec33d-4d05-45dd-b798-f76e77b9cfb5,1091.37,38.37,False
62da5472-31e7-46e9-b715-1615069c0133,7105.05,55.33,False
3a245f91-785e-41ff-baf0-669345fb7c4b,1492.32,8.87,False
92000456-7e17-49b7-8c5d-4fabce386688,4315.24,75.08,True
c859b544-a104-4883-8ab4-2e7d27f6d74b,1492.94,63.02,False
6752593c-c86e-479e-9581-33cf79d5531c,3859.8,59.37,False
7ba04d44-104c-43f5-9d41-dc3d802a66d2,2348.92,43.1,False
683083a9-f7e8-4ea6-9fb1-b5179fff292c,5263.58,72.2,False
fa781892-dda4-40d7-9792-233922cdb21c,3366.62,31.8,False
a3d8a5c0-535b-42ae-af84-aea009770469,3806.63,12.83,True
1674275c-d3d3-4d5b-bb30-61426ff23498,540.46,8.89,False
4ddfbe19-6a56-47fb-9c0e-0a9a67f8b56c,446.94,6.42,False
e2a9fc19-5f9c-4784-bf8d-4af4d898ae94,4975.93,61.91,False
083ed8e0-ef21-4939-9ecf-0883bf416473,1081.95,62.65,False
f7578cd6-9650-403f-a7a5-d40198635118,4434.85,66.04,False
cfc6b163-bdbb-4041-a405-1cc2e5f5630e,7455.26,55.33,False
9d535545-060e-4b11-b49a-dcf950fc398c,3720.76,22.16,False
78ce6523-0f0f-4eb3-a24c-48ca1aeeb497,4745.12,31.55,False
06c97d87-c46b-4c4d-aa14-5742897bcae0,5469.8,49.37,False
f42181d2-d00f-4ad1-a021-6cb5c9b191d4,2172.89,46.57,True
d8fb9711-77e5-426e-b0eb-0ee32e3581d0,6626.75,20.64,False
5de3b2c4-080d-4205-98da-cae1adf2f6ea,2025.04,83.72,False
eaf65f27-27b6-4484-b787-554018ccf15f,4926.03,67.08,False
938b6a59-b0f4-4d61-8c05-480689a82f5d,3376.63,55.65,False
c8831001-3ae0-41f6-bd4f-71037bdac2da,5563.87,25.37,False
8e292e12-2803-4388-b3eb-93297d55a248,1540.52,53.28,True
4209c8ca-7b91-4cfd-8136-2c0137d94adf,703.94,33.85,False
a06f9914-c6ff-4596-9da2-dfb20f9ac37d,5193.12,36.32,False
2bdbe4fb-fd44-4938-a6d1-76d0e210425a,4221.04,12.6,True
c5a20973-3928-468b-adb9-4a8bfe50eb3a,386.04,21.01,False
40b5a48c-5b82-4616-b0e6-3980bcfc03ce,8403.14,56.89,True
4dc5c5cd-ae95-4a1d-8fb4-13ed3fc6778e,4466.78,50.84,False
2e302d47-88c6-4799-9967-18ca95a7c4b6,2895.37,8.57,True
7a66207f-a825-4430-8aa2-d3add746aea3,4636.63,43.5,False
319fe3a7-5cd4-4aee-aeb2-ec356d3232e6,1770.64,58.5,False
3c471a40-88bf-4ee3-a70b-a6f138b6b026,4946.79,21.66,False
c69cf24c-1714-491f-bcee-dcecc3881dbf,1174.65,114.2,True
68101293-78db-4820-b1c8-c63a60b04081,6147.96,71.73,True
0b646cfe-ae60-4691-8cdc-44d4ca8b561d,4958.17,53.37,False
58af6185-22c5-452a-9051-6446f66b116a,9597.16,94.39,True
3f5303de-d818-4e24-b9cc-9b7d292dc175,3869.04,53.55,False
8084779c-5e27-4083-b5d4-5ecebef2cd1e,2360.32,50.94,False
